id,batch,seq,dna_seq,diff_spycas9,best_diff,e_rbm,c_rbm,fx_ddg,fx_intenergy,af2_tmscore,af2_rmsd,af2_plddt,af2_ptmscore,norm_repression,norm_repression_std,functional
GFP(negative control),-1,,,,,,,,,,,,,0,0,0
SpyCas9,0,TGGFSKESILPKRNSDKLIARKKDWDPKKYGGFDSPTVAYSVLVVAKVEKGKSKKLKSVKELLGITIMERSSFEKNPIDFLEAKGYKEVKKDLIIKLPKYSLFELENGRKRMLASAGELQKGNELALPSKYVNFLYLASHYEKLKGSPEDNEQKQLFVEQHKHYLDEIIEQISEFSKRVILADANLDKVLSAYNKHRDKPIREQAENIIHLFTLTNLGAPAAFKYFDTTIDRKRYTSTKEVLDATLIHQSITGLYET,-,0,0,-0.22927952,-2.7376664,0,0,1,0,92.4,0.768,1,0,3
dgfx_1,1,TGGFSKESILPKGNSDKLIARKTYWDPKKYGGFDSPTVAYSVLVVAKVEKGKAKKLKSVKELVGITIMERSSYEKDPIDFLEAKGYKRVRKLLIIKLPKYSLFELENGRRRLLASAGELQKGNELALPQQFVKFLYLASRYNSLTGSEEINKYKQLFVKQHKEYFGDIIEQINEFSNRVILADANLKKVNSAFDKHRNKPIDELANNIINLFTLTSLGAPAAFKFLDETIDRKRYTSTKEVLDATLIHQSITGLYET,AAACACGTGGCAAACATTCCttGGTCTCtAAAAGACTGAGGTACAGACGGGCGGTTTTTCAAAAGAGAGCATCTTACCAAAAGGCAATAGCGACAAACTGATTGCACGTAAGACCTACTGGGATCCTAAAAAATACGGCGGCTTCGACAGCCCGACCGTGGCTTATTCGGTGCTGGTGGTGGCTAAAGTGGAAAAAGGTAAAGCAAAAAAGCTGAAGTCTGTAAAAGAGCTGGTTGGTATTACCATCATGGAGCGTAGCTCCTATGAAAAGGATCCGATTGATTTCCTGGAGGCTAAAGGGTACAAACGTGTTCGTAAATTGTTGATTATTAAATTGCCAAAATATTCGCTGTTCGAGTTGGAGAACGGCCGCCGTCGCCTGCTGGCCAGTGCAGGTGAACTGCAGAAGGGTAACGAGCTGGCCCTGCCTCAACAGTTTGTTAAGTTCCTGTACTTAGCGTCACGCTACAATAGCTTAACGGGTTCGGAAGAAATCAATAAATATAAACAACTGTTCGTGAAACAACACAAAGAATATTTTGGCGATATTATCGAGCAGATTAACGAATTTTCCAATCGTGTTATCCTGGCCGATGCGAACCTGAAGAAAGTGAACAGCGCGTTCGATAAACACCGTAATAAACCGATCGATGAGTTAGCAAACAATATCATTAATCTGTTTACCTTAACCAGCTTAGGGGCACCGGCCGCCTTTAAGTTCCTGGATGAAACCATTGACCGTAAACGCTATACCTCGACTAAGGAGGTGCTGGATGCCACGCTGATCCACCAGTCTATTACCGGCCTGTACGAAACCCGTATTGATCTGAGTCAGTTGGGCGGTGACTAATAAGGAGAGACCAAGTACTGTATGGCTCCGGTTT,44,44,-0.16429019,-1.4321222,9.59456,1.56231,0.993848800388044,0.234390158610229,91.8,0.778,0.893077471388352,0.00917513733578227,3
dgfx_2,1,TGGFSKESILPKGNSDKLIARKKGWDPRKYGGFDSPTVAYSVLVVAKVEKGKAKKLKSVKELVGITIMERSSFEKNPIDFLEAKGYKEVRKILIIKLPKYSLFELENGRRRMLASAKELQKGNQLVLPSKYMTFLYLASHYESLTGSLEDEEQKKYFVEQHKHYFDEIIEQISEFSKRVILADSNLEKILSAYNKFRDKDINELAESIISLFTFTSLGAPAAFKFFDTTIDRKRYTSTKEVLDSTLIHQSITGLYET,AAACACGTGGCAAACATTCCttGGTCTCtAAAAGACTGAGGTACAGACTGGGGGTTTTAGCAAAGAGAGCATTTTACCGAAGGGCAATAGCGACAAGCTGATTGCGCGCAAAAAAGGCTGGGATCCACGTAAATACGGCGGCTTCGACTCGCCGACTGTCGCCTATTCAGTGTTAGTTGTAGCGAAAGTTGAAAAAGGCAAAGCCAAGAAATTAAAATCTGTGAAAGAGTTAGTAGGTATTACCATTATGGAACGTAGTTCCTTTGAGAAGAACCCCATCGATTTTCTGGAGGCTAAAGGTTATAAAGAAGTCCGTAAAATCTTAATCATCAAACTGCCGAAGTATTCACTGTTTGAGTTAGAGAACGGCCGCCGCCGCATGCTGGCTTCTGCCAAGGAACTGCAGAAAGGCAATCAGCTGGTTTTACCTTCTAAATATATGACATTTTTGTATCTGGCGAGTCATTATGAATCGCTGACTGGTAGTCTGGAAGACGAAGAACAGAAAAAATACTTCGTCGAACAGCATAAACACTACTTTGATGAGATCATTGAACAGATCAGCGAATTCAGCAAACGCGTGATTCTGGCCGACTCTAATCTGGAGAAAATCCTGAGTGCATATAATAAATTTCGTGATAAGGACATCAACGAACTGGCCGAAAGTATCATCAGCCTGTTTACCTTTACCTCGCTGGGTGCTCCCGCTGCCTTCAAGTTTTTTGACACGACAATTGACCGTAAACGCTATACCTCAACTAAAGAAGTCCTGGATAGTACGTTAATCCATCAATCAATTACTGGGCTGTATGAAACGCGTATTGATCTGAGTCAGTTGGGCGGTGACTAATAAGGAGAGACCAAGTACTGTATGGCTCCGGTTT,33,33,-0.19137931,-3.2877073,8.93058,1.41312,0.990803371059311,0.288020950834395,92.2,0.768,0.777204171134887,0.00368339436910742,2
dgfx_3,1,TGGFSDESILPKRNSDKLIARKNDWDPKKYGGFDSPTVAYSVLVVAKVEKGKSKKLKSVKELVGITIMERKSFEKDPIAFLEAKGYKEVRKILIIKLPKYSLFELENGRKRMLASAGELQKGNELFLPSKYVTFLYLAKHYEKLTGSPEDNERKKYFVEQHKHYLDEIIEQISEFSKRVILADANLEKVNSLYNQNRDKPINEQAENIINLFTFTNLGAPAAFKFFDTTIDRKRYTSTKEVLDATLIHQSITGLYET,AAACACGTGGCAAACATTCCttGGTCTCtAAAAGACTGAGGTACAGACTGGCGGTTTTAGCGATGAAAGTATCTTACCTAAGCGCAACAGTGATAAACTGATTGCGCGCAAAAATGACTGGGACCCGAAAAAATATGGTGGCTTCGACTCGCCCACTGTTGCGTATTCTGTTCTGGTGGTGGCAAAAGTTGAAAAAGGGAAAAGCAAAAAGTTGAAAAGTGTAAAAGAGCTGGTTGGGATTACGATTATGGAACGTAAAAGCTTCGAAAAGGATCCGATTGCGTTTCTGGAAGCAAAAGGCTACAAAGAGGTCCGTAAGATCCTGATCATTAAATTACCGAAATATTCGCTGTTTGAACTGGAAAACGGTCGCAAACGTATGCTGGCATCCGCGGGAGAATTGCAAAAAGGGAATGAACTGTTTCTGCCGAGTAAATATGTGACCTTCCTGTATCTGGCGAAACATTATGAAAAACTGACCGGTTCCCCGGAAGATAATGAACGTAAAAAATACTTTGTTGAACAACACAAACATTATCTGGATGAAATCATTGAACAAATTAGCGAATTTAGCAAACGTGTGATCCTGGCTGACGCAAATCTGGAGAAGGTCAACTCCCTGTATAATCAGAACCGTGACAAGCCGATCAATGAGCAAGCGGAAAATATTATCAATCTGTTTACGTTTACAAACCTGGGCGCCCCCGCAGCCTTTAAATTTTTCGATACCACTATTGACCGTAAACGCTACACAAGCACTAAAGAGGTTTTGGATGCGACCCTGATTCATCAGTCAATCACCGGCCTGTATGAAACGCGTATTGATCTGAGTCAGTTGGGCGGTGACTAATAAGGAGAGACCAAGTACTGTATGGCTCCGGTTT,24,24,-0.19363332,-4.3094444,2.31687,0.05992,0.994961549714296,0.211611745367189,90,0.744,0.85299667702167,0.00668179744294546,2
dgfx_4,1,TGGFSKESILPKRNSSKLIARKKDWDPKKYGGFDSPTVAYSVLVVAEVEKGKKKKLKSVKELVGIPIMERSSFEKDPIDFLEAKGYKEVRKDLIIKLPKYSLFELEDGRKRMLASAGELQKGNQLALPSKYVNFLYLASHYEKLKGSPEDNEQKQLFVEQHKHYLDEILEQISEFSKRVILADANLDKVLSAYNKHRDKPIRELAENIIHLFKLTNLGAPAAFKYFDTTIDRNRYKSIKEVLDSTLIHQSITGLYET,AAACACGTGGCAAACATTCCttGGTCTCtAAAAGACTGAGGTACAGACGGGAGGTTTCTCTAAAGAATCTATCCTGCCCAAACGTAATTCAAGCAAACTGATTGCACGCAAAAAGGACTGGGACCCCAAAAAATATGGTGGCTTTGATTCGCCTACGGTCGCATACTCTGTCCTGGTAGTAGCCGAGGTTGAAAAAGGCAAGAAAAAAAAATTAAAGAGTGTCAAAGAACTGGTGGGCATCCCTATTATGGAGCGTTCCAGCTTTGAGAAAGATCCTATTGATTTTCTGGAAGCGAAAGGTTATAAAGAAGTCCGTAAAGACTTAATTATTAAATTACCAAAATATAGCTTATTCGAGCTGGAAGATGGCCGCAAGCGTATGCTGGCGTCTGCTGGTGAGTTGCAAAAAGGTAACCAATTGGCGCTGCCATCCAAATATGTGAACTTCCTGTATTTAGCAAGTCATTACGAGAAATTAAAAGGCAGTCCTGAAGATAATGAACAGAAACAGCTGTTTGTTGAACAACATAAACACTATCTGGATGAAATTTTAGAGCAAATCAGCGAGTTCTCCAAACGCGTCATTCTGGCAGATGCGAATCTGGATAAGGTACTGTCTGCGTATAACAAACATCGCGATAAACCGATTCGCGAACTGGCGGAAAATATTATCCATCTGTTTAAACTGACCAACCTGGGAGCGCCTGCGGCGTTCAAATACTTTGATACCACCATCGATCGCAACCGTTACAAGAGCATCAAAGAGGTGCTGGATAGCACACTGATTCATCAGTCAATCACAGGCTTATATGAAACCCGTATTGATCTGAGTCAGTTGGGCGGTGACTAATAAGGAGAGACCAAGTACTGTATGGCTCCGGTTT,16,16,-0.18929458,-3.5620284,0.571959,-0.468852,0.992128382424262,0.265627407897845,92.3,0.767,0.609495194684016,0.0111703688421022,1
dgfx_5,1,TGGFSKESILPKGNSDKLIARKNDWDPKKYGGFDSPIVAYSVLVIAKVEKGKSKKLKSVKELVGITIMERKAFEKNPIAFLEAKGYKEVRLILIIKLPKYSLFELENGRKRMLASAGELQKGNELALPSKYMTFLYLASHYEKLTGSPEDNERKQLFVEQHLHYLDEIINMISEFSKRVILADANLEKINSAYNKNRDKPINEQAENIINLFTFTNLGAPAAFKYFDTTIDRKRYTSTKEVLNATLIHQSITGLYET,AAACACGTGGCAAACATTCCttGGTCTCtAAAAGACTGAGGTACAGACCGGAGGATTTAGTAAAGAAAGTATCCTGCCGAAAGGTAATTCGGATAAACTGATCGCGCGTAAGAACGACTGGGATCCGAAGAAGTATGGGGGCTTTGATAGCCCTATTGTGGCTTACTCCGTTTTAGTAATTGCGAAAGTCGAAAAAGGAAAATCGAAGAAACTGAAATCAGTGAAGGAACTGGTAGGAATCACGATCATGGAGCGTAAAGCATTCGAGAAGAACCCCATTGCGTTCCTGGAGGCAAAAGGTTACAAAGAGGTGCGTCTGATTCTGATTATTAAACTGCCAAAATATTCTTTATTCGAACTGGAGAATGGTCGTAAACGCATGCTGGCATCCGCTGGCGAACTGCAGAAAGGAAACGAACTGGCATTACCATCAAAATATATGACCTTCCTGTACTTAGCATCTCATTACGAGAAGCTGACCGGCTCACCGGAAGATAACGAGCGTAAGCAATTATTTGTGGAGCAACACTTGCACTATCTGGATGAAATTATTAATATGATTTCGGAATTTAGCAAACGCGTGATTCTGGCAGATGCTAACTTGGAAAAAATTAACAGCGCGTACAACAAAAACCGTGATAAACCGATCAACGAACAAGCAGAGAATATTATTAACCTGTTCACCTTTACCAATTTGGGTGCCCCGGCTGCTTTTAAATATTTTGACACAACCATCGATCGCAAACGTTACACCTCCACGAAGGAGGTTCTGAACGCAACCCTGATTCATCAGAGCATTACGGGCCTGTATGAAACCCGTATTGATCTGAGTCAGTTGGGCGGTGACTAATAAGGAGAGACCAAGTACTGTATGGCTCCGGTTT,26,26,-0.19700861,-5.424355,8.17351,1.48846,0.99403931127234,0.231419051757946,91.6,0.753,0.802135613894402,0.0056113668665905,2
dgfx_6,1,TGGFSKESILPKRNSDKLIARKKDWDPKKYGGFDSPTVAYSVLVVAKVEKGKSKKLKSVKELVGITIMEKMSFEKDPIDFLEAKGYKEVRKDLIIKLPKYSLFKLENGRKRMLASARELQKGNELVLPSKYVNFLYLASHYEKLKGVPEDNEQDQLFVEQHKHYLKEIIEQISEFSKRVILAEGNLDKVLSAYNKHNDKPIRELAENIIHLFTLTNIGAPATFKYFDTNIDRKRYTSTTEILDATLIHQSITGLYET,AAACACGTGGCAAACATTCCttGGTCTCtAAAAGACTGAGGTACAGACGGGGGGCTTTAGTAAAGAGAGCATCCTGCCAAAGCGTAATTCAGACAAGCTGATCGCTCGTAAAAAAGATTGGGATCCGAAAAAATATGGCGGCTTCGATAGTCCGACCGTGGCCTATAGCGTTCTGGTAGTAGCAAAAGTGGAGAAAGGCAAAAGTAAAAAACTGAAATCGGTCAAAGAATTAGTGGGCATCACAATTATGGAAAAAATGTCCTTCGAAAAAGACCCTATCGATTTCTTGGAGGCAAAGGGTTACAAAGAGGTTCGTAAGGACCTGATTATCAAGCTGCCGAAGTATTCCCTGTTTAAACTGGAAAACGGCCGTAAACGCATGCTGGCCTCGGCACGCGAACTGCAAAAGGGCAATGAGCTGGTGCTGCCATCTAAGTACGTCAACTTTTTGTACCTGGCGTCCCACTATGAGAAATTAAAAGGGGTTCCAGAAGATAATGAACAGGATCAACTGTTTGTTGAGCAACATAAACACTATCTGAAAGAGATCATTGAACAAATTAGCGAGTTTAGCAAACGTGTGATCTTGGCCGAAGGAAATCTGGACAAGGTTCTGTCGGCGTACAACAAACACAACGATAAGCCGATCCGTGAATTAGCCGAAAACATCATTCACCTGTTCACGTTGACCAATATTGGTGCACCAGCCACTTTCAAATATTTCGATACTAACATTGATCGCAAACGTTACACGAGTACCACCGAAATCCTGGATGCGACATTGATCCATCAGTCTATCACCGGCCTGTATGAAACACGTATTGATCTGAGTCAGTTGGGCGGTGACTAATAAGGAGAGACCAAGTACTGTATGGCTCCGGTTT,20,20,-0.1756568,-3.9532173,6.59631,0.57012,0.992344091541519,0.262290076932972,92.1,0.762,0.720757809529745,0.00446137490160982,2
dgfx_7,1,TGAFSKESILPKRNSDKLIARKKDWDPKKYGGFDSPTVAYSVLVVAKVEKGKSKKLKSVKELVGITIMERSSFEKDPIDFLEAKGYKEVRKDLIIKLPKYSLFELENGRKRMLASAGELQKGNELALPSKYVNFLYLASHYEKLKGSPNDNEQKQLFVEQHKEYLDEIIEQISEFSKRVILADSNLDKVLSAYNQHRDKDIREQAENIIHLFKYTNFGAPAAFKYFDTTIDRNRYKSITEVLDATLIHQSITGLYET,AAACACGTGGCAAACATTCCttGGTCTCtAAAAGACTGAGGTACAGACAGGTGCCTTCTCCAAAGAATCTATTTTGCCGAAACGTAATAGTGACAAACTGATTGCGCGTAAAAAAGATTGGGACCCGAAAAAATACGGAGGTTTCGATAGTCCGACGGTGGCCTATAGCGTCCTGGTGGTGGCGAAAGTAGAAAAAGGCAAATCGAAGAAGTTAAAATCTGTGAAAGAGCTGGTTGGCATTACCATTATGGAACGCTCGTCTTTCGAAAAAGATCCTATCGACTTTCTGGAAGCCAAAGGTTACAAGGAAGTGCGCAAAGATTTGATCATCAAACTGCCGAAATACAGCCTGTTCGAACTGGAAAACGGACGTAAACGCATGCTGGCCTCGGCCGGCGAGCTGCAGAAAGGTAATGAGCTGGCTTTGCCATCGAAGTACGTGAATTTTTTATACCTGGCGAGCCATTACGAAAAACTGAAAGGGTCCCCTAACGATAATGAGCAAAAACAACTGTTTGTTGAACAACACAAAGAGTATTTAGACGAGATCATTGAACAGATCTCTGAGTTCAGCAAACGTGTTATTCTGGCTGATTCTAACTTGGATAAAGTCCTGTCAGCGTACAACCAGCATCGCGACAAAGACATTCGCGAACAAGCGGAGAACATTATTCATCTGTTTAAATATACTAATTTCGGCGCTCCAGCGGCGTTCAAGTACTTTGATACTACAATTGACCGCAATCGCTATAAAAGTATCACGGAAGTCCTGGATGCTACCTTGATCCACCAGTCGATTACCGGGCTGTATGAAACGCGTATTGATCTGAGTCAGTTGGGCGGTGACTAATAAGGAGAGACCAAGTACTGTATGGCTCCGGTTT,16,16,-0.18239498,-3.2623801,3.79073,0.32029,0.995056297861869,0.210559660963281,92.6,0.773,1.30941907622568,0.0293348426719832,3
dgfx_8,1,TGGFSNESILPKRNSDKLIARKKDWDPKKYGGFDSPTVAYSVLVVAKVEKGKSKKLKSVKELVGITIMERSSFEKDPIDFLEAKGYKEVRKDLIIKLPKYSLFELENGRKRMLASAGELQKGNELALPSKYVNFLYLASHYEKLKGSPEDNEQKQLFVEQHKHYLDEIIEQISEFSKRVILADANLDKVLSAYNKHRDKPIREQAENIIHLFKLTNFGAPGAFKYFDTTIGRNRYKSIKEVLDATLIHQSITGLYET,AAACACGTGGCAAACATTCCttGGTCTCtAAAAGACTGAGGTACAGACTGGCGGCTTTAGTAATGAGTCGATCCTGCCGAAACGTAACAGCGATAAACTGATTGCGCGTAAGAAGGACTGGGACCCGAAAAAATATGGCGGTTTCGACTCCCCTACTGTTGCTTATTCGGTGCTGGTTGTGGCCAAGGTTGAGAAAGGTAAGTCAAAAAAACTGAAATCGGTGAAAGAACTGGTGGGCATTACCATCATGGAACGTTCTAGCTTCGAAAAAGACCCGATCGATTTTCTGGAAGCGAAAGGTTACAAGGAAGTGCGCAAGGATCTGATTATTAAGCTGCCCAAATACTCACTGTTCGAACTGGAAAACGGACGTAAACGTATGCTGGCAAGTGCGGGTGAGCTGCAGAAGGGTAATGAACTGGCACTGCCGTCGAAGTACGTTAACTTTTTATATCTGGCCAGCCACTACGAAAAATTAAAAGGCTCTCCGGAGGACAACGAGCAGAAGCAGCTGTTTGTGGAACAGCACAAACATTATCTGGATGAAATTATCGAACAAATCTCTGAATTTTCCAAGCGTGTCATTCTGGCTGACGCGAACCTGGATAAAGTCTTAAGCGCCTATAACAAACACCGCGACAAACCGATTCGTGAACAGGCCGAAAATATTATTCACCTGTTTAAGCTGACTAACTTTGGCGCCCCAGGCGCGTTTAAATACTTCGACACCACGATTGGCCGTAATCGCTACAAATCAATTAAAGAGGTCCTGGATGCCACCTTGATTCATCAATCCATCACGGGTCTGTATGAAACCCGTATTGATCTGAGTCAGTTGGGCGGTGACTAATAAGGAGAGACCAAGTACTGTATGGCTCCGGTTT,11,11,-0.19787931,-4.2841496,0.513096,-0.793596,0.9950588245346,0.210506818541881,91.8,0.761,1.23234830185324,0.00540468732559776,3
dgfx_9,1,TGGFSKESILPKRNSDKLIARKKDWDPKKYGGFDSPTVAYSVLVVAKVEKGKSKKLKSVKELLGITIMERSSFEKDPIDFLEAKGYKEVRKDLIIKLPKYSLFELENGRKRMLASAGELQKGNELALPSKYVNFLYLASHYEKLKGSPEDNEQKQLFVEQHKHYLDEIIEQISEFSKRVILADSNLDKVLSAYNKHRDKPIREQAENIIHLFKLTNLGAPAAFKYFDTTIDRNRYKSIKEVLDATLIHQSITGLYET,AAACACGTGGCAAACATTCCttGGTCTCtAAAAGACTGAGGTACAGACAGGCGGGTTTAGCAAGGAAAGCATTTTACCAAAGCGTAATAGCGATAAACTGATCGCGCGTAAAAAAGATTGGGACCCTAAAAAATATGGAGGCTTTGACAGTCCGACCGTGGCATACAGCGTCCTGGTAGTCGCTAAAGTGGAAAAAGGTAAGAGTAAAAAATTGAAATCTGTCAAGGAACTGCTGGGCATCACCATTATGGAACGCAGCTCTTTCGAAAAGGACCCAATCGATTTCCTGGAAGCTAAGGGGTATAAAGAAGTGCGTAAAGATTTAATCATCAAGCTGCCCAAGTATAGTCTGTTTGAACTGGAGAATGGGCGTAAGCGTATGTTAGCCTCCGCGGGCGAGTTACAAAAAGGCAACGAATTAGCTCTGCCGAGTAAATACGTCAATTTCTTGTATCTGGCATCTCACTACGAGAAACTGAAAGGCTCTCCGGAGGATAACGAGCAGAAGCAGCTGTTTGTTGAGCAGCACAAACATTACCTGGATGAAATTATTGAACAAATTAGCGAGTTTTCAAAACGTGTCATCTTAGCGGATTCCAATCTGGATAAAGTTTTATCCGCGTATAATAAACATCGTGATAAACCGATTCGTGAGCAGGCCGAGAATATTATCCATCTGTTCAAATTAACCAACTTAGGTGCCCCGGCGGCCTTTAAGTATTTTGACACAACGATTGATCGTAACCGTTATAAGTCCATCAAAGAAGTGCTGGATGCAACGCTGATCCACCAATCCATTACGGGCCTGTACGAAACTCGTATTGATCTGAGTCAGTTGGGCGGTGACTAATAAGGAGAGACCAAGTACTGTATGGCTCCGGTTT,7,7,-0.21055937,-4.032764,-3.81394,-0.420398,0.994687935794025,0.217932766074779,92,0.763,1.27170488813102,0.0106791189221181,3
dgfx_10,1,TGGFSKESILPKRNSDKLIARKKYWDPKKYGGFDSPIVAFSVLVVAKIAKGKSQKLKSVKELVGITIMERSMFEKDPVAFLEAKGYKEVRKDLIIILPKYSLFKLEGGRKRMLASAGELQKGNQLALPQHFMNFLYLASRYSSKTGSEEDKKQDQLFVKQHKEYFDEIIDIISEFSKRVILADSNLEKLNKSYNQKQNKPIDEQAENIIHLFTFTSFGAPATFKFFDGNIDRKRYTSTKEVLDATLIHQSPTGLYET,AAACACGTGGCAAACATTCCttGGTCTCtAAAAGACTGAGGTACAGACAGGCGGCTTCAGCAAAGAAAGTATTTTACCGAAACGTAACAGCGACAAGTTGATCGCACGTAAAAAATATTGGGACCCGAAAAAATATGGCGGCTTTGATTCCCCAATTGTTGCTTTTTCGGTGCTGGTGGTGGCTAAGATCGCAAAAGGCAAGTCGCAGAAACTGAAAAGCGTAAAGGAACTGGTGGGGATCACCATCATGGAACGCTCCATGTTTGAAAAAGACCCCGTGGCCTTTCTGGAGGCAAAAGGTTACAAAGAAGTGCGTAAGGATTTGATCATCATTTTGCCCAAATACAGCCTGTTCAAACTGGAGGGCGGGCGCAAGCGCATGCTGGCGAGCGCGGGCGAACTGCAAAAAGGCAACCAGTTGGCACTGCCGCAGCATTTTATGAACTTCCTGTACCTGGCAAGCCGCTATAGTAGTAAAACCGGTTCGGAAGAAGATAAGAAGCAAGACCAGTTGTTCGTTAAACAGCATAAAGAGTACTTTGATGAGATCATCGATATCATTTCGGAGTTCAGCAAGCGCGTTATCCTGGCCGACAGCAATTTGGAAAAACTGAACAAAAGCTATAACCAAAAACAGAACAAACCAATTGATGAGCAGGCTGAGAATATTATTCACTTGTTTACGTTTACCAGTTTCGGGGCTCCAGCTACTTTTAAATTCTTCGACGGCAACATCGATCGTAAGCGCTACACCAGCACTAAGGAAGTGTTAGATGCCACCCTGATCCATCAATCCCCGACTGGTTTATATGAAACTCGTATTGATCTGAGTCAGTTGGGCGGTGACTAATAAGGAGAGACCAAGTACTGTATGGCTCCGGTTT,53,53,-0.10482669,-1.9170587,10.0703,-0.869737,0.988015826394312,0.33525205520206,92,0.77,-0.067964327385859,0.00925611163709138,0
dgfx_11,1,TGGFSKETILPKGNSSKLIPRKKGWDPKKYGGFDSPTVAYSVLVVAKVEKGKAKKLKSVKELVGITIMERKAFEKNPEDFLESKGYKEVKKILIIKLPKYSLFELENGRRRMLASAGELQKGNELALPSQYMTFLYLASHYESKGGSPEDNEQKQLFVEQHRHYFDEIIQQISEFAKRVILADANLKKINKAYENNKDKSIRELAENIIKLFKFTSLGAPAAFKFFETTVDRKRYKSTKEVLDSTLIHQSITGLYET,AAACACGTGGCAAACATTCCttGGTCTCtAAAAGACTGAGGTACAGACTGGCGGTTTCTCCAAAGAGACAATTCTGCCTAAGGGGAACTCTAGCAAACTGATTCCTCGCAAAAAGGGGTGGGATCCCAAGAAATACGGCGGCTTTGATTCCCCGACGGTCGCCTATTCGGTACTGGTGGTGGCGAAGGTTGAGAAAGGCAAAGCAAAAAAGCTGAAGAGCGTGAAAGAACTGGTAGGCATTACGATCATGGAACGCAAAGCATTCGAGAAAAATCCGGAAGATTTCTTAGAATCTAAAGGTTATAAAGAAGTGAAAAAGATCCTGATTATCAAGTTACCGAAATATAGCCTGTTTGAACTGGAAAACGGACGCCGTCGCATGCTGGCGTCTGCGGGCGAACTGCAGAAAGGTAACGAACTGGCTTTGCCGAGTCAGTATATGACCTTTCTGTACCTGGCTTCTCATTACGAAAGTAAAGGTGGGAGCCCGGAGGACAACGAACAGAAGCAGCTGTTTGTTGAACAGCACCGCCACTATTTTGATGAAATTATTCAGCAGATTAGCGAATTTGCGAAGCGCGTCATTCTGGCGGATGCAAACCTGAAGAAAATTAACAAAGCATATGAAAATAACAAGGACAAAAGCATCCGCGAGCTGGCAGAAAACATCATTAAATTATTCAAGTTTACCAGCCTGGGTGCTCCGGCCGCCTTCAAGTTTTTTGAGACTACAGTGGATCGCAAACGCTATAAATCGACCAAAGAAGTTCTGGATAGCACGTTAATCCACCAAAGCATCACGGGTCTGTATGAAACCCGTATTGATCTGAGTCAGTTGGGCGGTGACTAATAAGGAGAGACCAAGTACTGTATGGCTCCGGTTT,42,42,-0.16199899,-2.584144,2.61941,0.58984,0.994148967680005,0.230054119629266,91.8,0.765,0.454487658162836,0.0039650985873208,1
dgfx_12,1,TGGFSKASILPKRNSDKLIARKKDWDPKKYGGFDSPTVAYSVLVVAEVEKGESKKLKSVKELLGITIMERSSFEKDPIDFLEAKGYKEVRKDLIIKLPKYSLFELEGGRKRMLASAGELQKGNQLALPQKYVNLLYHAKHIEKKKGSPLDNEQKQLFVKQHKEYLDEILEQISEFSKRVILADANLDKVLSAFNKHRDKDIRELAESIIHLFTLTNFGAPAAFKFFGTTIDRKRYKSIKEVLDATLIHQSITGLYET,AAACACGTGGCAAACATTCCttGGTCTCtAAAAGACTGAGGTACAGACCGGTGGTTTCAGCAAAGCAAGCATCCTGCCAAAACGCAACAGCGACAAATTAATTGCGCGCAAAAAAGATTGGGATCCGAAAAAATATGGTGGTTTCGATTCTCCCACCGTGGCTTATTCGGTGCTGGTTGTAGCGGAAGTGGAAAAGGGCGAGTCCAAAAAATTAAAATCTGTTAAAGAGCTGCTGGGCATCACTATCATGGAACGTAGCTCCTTCGAGAAAGATCCGATTGACTTTCTGGAAGCGAAAGGTTATAAAGAGGTGCGTAAAGATCTGATTATTAAATTACCGAAATACTCATTATTCGAGCTGGAGGGTGGGCGCAAACGCATGTTAGCATCTGCCGGGGAACTGCAGAAAGGTAATCAACTGGCTCTGCCTCAAAAATATGTAAATTTATTGTACCATGCGAAGCATATTGAAAAGAAGAAAGGGAGCCCTCTGGACAACGAACAGAAACAGCTGTTTGTGAAACAACATAAAGAATACCTGGACGAGATCCTGGAACAAATCAGTGAATTTAGTAAACGCGTAATCTTAGCGGATGCTAATTTAGATAAAGTGCTGTCGGCCTTCAACAAGCACCGTGATAAGGATATCCGCGAACTGGCGGAAAGCATTATTCATCTGTTTACCCTGACCAATTTTGGTGCCCCGGCTGCATTCAAATTTTTCGGTACGACTATCGACCGCAAACGTTACAAATCGATCAAAGAGGTTCTGGACGCCACTTTAATCCACCAGTCCATTACAGGGCTGTATGAAACGCGTATTGATCTGAGTCAGTTGGGCGGTGACTAATAAGGAGAGACCAAGTACTGTATGGCTCCGGTTT,26,26,-0.16122842,-1.8515102,4.13852,-0.641991,0.992139998152699,0.266633292216561,91.4,0.767,0.446738486831425,0.00336486407554038,1
dgfx_13,1,KGGFSKESILPKRNSSKLIARKKDWDPKKYGGFDSPIVAYAVLIVAEIEKGKSKKLKSVKELLGITIMERSSYEKDPIAFLEAKGYKEVRKDLIIKLPKYSLFELENGRKRMLASAGELQKGNEIALPQKYVNFLYLAKHYEKLKKSPEDNEQKQLFVKQHKEYLDEILEQISEFSKRVTLADANLDKVLSAYNKHRDKDIRSLASNIIHLLKFTNLGAPGAFKYFDTTIDRKRYTSINEVLDATLIHQSITGLYET,AAACACGTGGCAAACATTCCttGGTCTCtAAAAGACTGAGGTACAGAAAGGCGGCTTCTCAAAGGAATCCATCTTACCGAAACGCAACAGTTCTAAGCTGATCGCACGCAAAAAAGACTGGGATCCGAAGAAATATGGTGGGTTTGATAGCCCCATCGTGGCCTATGCAGTTTTGATCGTAGCCGAGATTGAAAAAGGCAAGTCAAAGAAGTTAAAAAGTGTGAAGGAACTGTTGGGAATCACGATCATGGAACGTTCTTCATATGAGAAAGATCCAATTGCGTTCTTGGAAGCGAAAGGTTATAAAGAAGTCCGCAAAGACCTGATTATTAAGTTACCGAAGTACTCTCTGTTTGAACTGGAAAATGGACGCAAACGCATGTTGGCTAGCGCCGGTGAACTGCAGAAAGGCAATGAGATCGCCTTACCTCAGAAATACGTAAATTTTCTGTATCTGGCGAAACATTACGAAAAACTGAAAAAATCTCCCGAAGATAACGAGCAGAAACAACTGTTTGTGAAACAGCACAAAGAGTATCTGGACGAAATTCTGGAGCAGATCTCGGAATTCAGCAAGCGCGTGACCCTGGCAGATGCAAACCTGGATAAAGTATTATCTGCGTATAATAAACATCGTGACAAAGACATCCGTAGTCTGGCTTCCAATATTATTCACTTGCTGAAATTTACCAACCTGGGGGCACCTGGGGCGTTTAAATACTTCGATACGACCATCGACCGCAAGCGCTACACCTCCATCAACGAGGTGTTGGATGCGACCCTGATCCACCAATCCATTACTGGACTGTATGAGACTCGTATTGATCTGAGTCAGTTGGGCGGTGACTAATAAGGAGAGACCAAGTACTGTATGGCTCCGGTTT,29,29,-0.1623981,-2.1797998,5.67193,0.55133,0.993716462016213,0.239921840039777,91.3,0.759,-0.0485298761690568,0.0127079965906416,0
dgfx_14,1,TGGFSKESILPKRNSDKLIARKKGWDPKKYGGFDSPTVAYSVLVVAKVEKGKAKKLKSVKELVGITIMERSSFEKDPIDFLEAKGYKEVRKDLIIKLPKYSLFELENGRKRMLASAGELQKGNQLALPQKYVNFLYLASHIESLKGSPEDNEQKQLFVKQFKEYLDEILEQISEFSKRVILADANLKKVLSAYNQHRDKDIRELANNIIHLFKYTSFGAPGAFKFFDTTIDQNRYKYTKEVLDATLIHQSITGLYET,AAACACGTGGCAAACATTCCttGGTCTCtAAAAGACTGAGGTACAGACCGGCGGGTTTAGCAAAGAATCGATCCTGCCCAAACGCAATTCCGACAAGCTGATCGCGCGTAAGAAGGGGTGGGACCCAAAAAAGTATGGCGGCTTTGATTCGCCGACTGTTGCATATAGCGTGCTGGTGGTGGCTAAGGTGGAGAAAGGCAAAGCCAAGAAACTGAAGAGCGTAAAAGAACTGGTGGGAATTACAATTATGGAGCGTTCGTCCTTCGAAAAAGATCCGATTGACTTTCTGGAAGCAAAAGGTTACAAAGAGGTGCGTAAAGATTTAATCATTAAGCTGCCGAAATATTCGCTGTTCGAACTGGAGAACGGACGCAAACGCATGCTGGCTTCGGCGGGTGAATTACAGAAAGGTAATCAGCTGGCCCTGCCGCAAAAATACGTGAACTTCTTGTATTTAGCGTCCCACATTGAAAGTCTGAAAGGTAGCCCAGAAGACAACGAACAGAAACAACTGTTTGTAAAGCAATTTAAGGAATATCTGGACGAGATCCTGGAACAGATTTCTGAATTCAGCAAACGTGTGATTCTGGCGGACGCGAATTTAAAAAAGGTTCTGTCGGCTTATAACCAACATCGCGACAAAGACATTCGCGAACTGGCCAACAATATCATTCACTTGTTTAAATATACCTCGTTTGGCGCACCGGGCGCTTTCAAGTTCTTTGATACGACGATTGACCAAAATCGTTACAAATACACAAAGGAGGTGCTGGATGCCACACTGATTCATCAGTCCATTACCGGATTATATGAAACCCGTATTGATCTGAGTCAGTTGGGCGGTGACTAATAAGGAGAGACCAAGTACTGTATGGCTCCGGTTT,28,28,-0.1639936,-1.8126938,4.74835,0.0725800000000001,0.995863478300237,0.193017999264365,91.9,0.762,-0.0288184790336074,0.0187479307158191,0
dgfx_15,1,TGGFSKESILPKRNSDKLIARKKDWDPKKYGGFDSPTVAYSVLVVAKVEKGKSKKLKSVKELLGITIMERSSFEKDPIDFLEAKGYKEVRKDLIIKLPKYSLFELENGRKRMLASAGELQKGNELALPSKYVNFLYLASHIEKLKGSPEDNEQKQLFVEQHKHYLDEIIEQISEFSKRVILADANLDKVLSAYNKHRDKDIRSQAESIIHLFKLTNFGAPGAFKYFDTTIKRNRYRYIKEVLDATLIHQSITGLYET,AAACACGTGGCAAACATTCCttGGTCTCtAAAAGACTGAGGTACAGACCGGTGGGTTTTCTAAGGAAAGCATTCTGCCCAAACGTAATTCTGATAAACTGATTGCACGTAAAAAAGATTGGGACCCGAAAAAATATGGCGGCTTCGATAGCCCAACGGTGGCCTACTCAGTATTAGTAGTTGCCAAAGTTGAAAAGGGAAAATCGAAAAAATTAAAAAGCGTAAAGGAACTGCTGGGGATTACTATCATGGAACGCAGCAGCTTTGAAAAAGACCCGATTGACTTTCTGGAAGCGAAAGGCTATAAAGAAGTCCGTAAAGATTTGATCATTAAACTGCCTAAATACTCACTGTTTGAACTGGAAAACGGTCGTAAACGCATGTTGGCGAGTGCCGGAGAATTACAAAAAGGGAACGAACTGGCTCTGCCGTCGAAATACGTCAATTTCTTGTATCTGGCAAGTCACATCGAGAAATTAAAGGGCTCACCGGAAGATAACGAACAAAAACAGTTATTTGTGGAACAGCATAAGCACTATCTGGATGAAATTATTGAACAGATCTCCGAATTTTCCAAGCGCGTGATCCTGGCCGATGCGAATCTGGACAAAGTGCTGTCAGCATACAACAAGCACCGTGATAAGGACATTCGTTCCCAGGCGGAAAGTATCATTCATTTGTTTAAACTGACGAACTTTGGCGCTCCGGGTGCGTTCAAATACTTTGATACTACCATTAAACGCAATCGTTACCGTTATATTAAAGAAGTCCTGGACGCCACTCTGATTCATCAGTCTATCACCGGTTTATATGAAACCCGTATTGATCTGAGTCAGTTGGGCGGTGACTAATAAGGAGAGACCAAGTACTGTATGGCTCCGGTTT,14,14,-0.18706918,-3.1334703,3.54033,-1.248483,0.994589288431722,0.220571545148254,90.6,0.751,0.858402630603377,0.00984250354685719,2
dgfx_16,1,TGGFSKESILPKGNSDKLIARKKDWDPKKYGGFDSPIVAYSVLVIAKVEKGKSKKLKSVKELVGITIMERSSFEKDPVDFLEAKGYKEVRLDLIIKLPKYSLFKLENGRKRLLASAGELQKGNELALPNHYMNFLYLASHYEKLKGSPEDNEQKQLFVEQHKHYLEEIIDQISEFSKRVTLADSNLDKILMAYNQHRDKPIRELSENIIHLFTFTNFGAPTAFKCFDVTIDRKRYTSTKEVLDATLIHQSITGLYET,AAACACGTGGCAAACATTCCttGGTCTCtAAAAGACTGAGGTACAGACTGGTGGTTTCTCCAAGGAGTCGATCCTGCCGAAAGGCAACTCTGACAAATTAATTGCTCGTAAAAAAGATTGGGATCCAAAAAAATACGGGGGCTTTGATAGCCCAATTGTTGCTTACTCTGTGCTGGTGATCGCGAAAGTGGAGAAGGGGAAAAGTAAGAAACTGAAAAGCGTTAAAGAACTGGTGGGTATTACTATCATGGAACGTTCGAGCTTTGAAAAAGACCCGGTCGATTTCCTGGAAGCCAAAGGATACAAAGAAGTCCGCCTGGACCTGATCATTAAACTGCCAAAATACAGCCTGTTCAAACTGGAAAACGGCCGCAAACGCCTGCTGGCCTCCGCCGGTGAACTGCAGAAGGGGAACGAACTGGCTCTGCCGAACCATTATATGAACTTTCTGTACCTGGCGAGTCATTACGAAAAATTAAAAGGTTCACCTGAGGATAATGAACAGAAACAATTATTCGTGGAGCAGCACAAACATTATTTAGAAGAAATCATTGATCAGATTTCGGAGTTTAGCAAACGCGTTACGTTAGCAGATAGTAACCTGGATAAGATTCTGATGGCCTATAATCAGCATCGCGACAAACCGATCCGTGAATTAAGCGAAAACATCATTCACCTGTTTACATTTACCAACTTTGGCGCACCGACCGCGTTCAAGTGCTTCGACGTTACCATCGACCGCAAACGCTATACGTCGACGAAAGAGGTGTTAGACGCAACGCTGATCCATCAGAGCATTACTGGTCTGTATGAGACTCGTATTGATCTGAGTCAGTTGGGCGGTGACTAATAAGGAGAGACCAAGTACTGTATGGCTCCGGTTT,27,27,-0.17363763,-3.8073492,4.54588,1.34685,0.994912138151491,0.212751296008822,90.8,0.746,0.521836479760215,0.0063421677320441,2
dgfx_17,1,TGGFSDESILPKRESDKLIARKKDWDPKKYGGFDSPTVAYSILVVAKVEKGKSKKLKSVKELVGITIMERKSFEKDPIDFLEAKGYKEVRKDLIIKLPKYSLFELENGRKRMLASAGELQKGNELALPSKYVNFLYLAQHYEKLKGSPEDNEQKQLYVEQFKHLLDELIEKISEFSKRVILADDNLDKVLSAYNKHRDKPIREQAESIIHLLKLTNFGAPTAFKYFDTTIKRNRYKYIKEVLDATLIHQSITGLYET,AAACACGTGGCAAACATTCCttGGTCTCtAAAAGACTGAGGTACAGACGGGCGGTTTTAGCGATGAATCGATTCTGCCAAAACGTGAATCCGATAAACTGATTGCCCGTAAAAAAGACTGGGATCCTAAAAAATACGGCGGTTTCGATTCTCCGACGGTCGCTTATTCGATCCTGGTGGTGGCAAAGGTCGAAAAAGGTAAATCTAAAAAGTTAAAGAGCGTTAAAGAGCTGGTCGGGATTACCATTATGGAGCGCAAATCCTTTGAGAAAGATCCCATCGACTTTCTGGAAGCGAAAGGCTATAAAGAGGTGCGCAAAGATTTAATTATTAAACTGCCGAAATATTCCCTGTTTGAACTGGAAAATGGCCGCAAACGTATGCTGGCCAGCGCTGGCGAACTGCAAAAAGGTAATGAATTGGCACTGCCCAGCAAATATGTGAATTTTTTGTATCTGGCGCAGCATTATGAAAAGTTAAAGGGGAGTCCGGAAGATAACGAACAAAAACAGCTGTACGTCGAACAGTTTAAACATCTGTTGGATGAACTGATTGAAAAGATCAGCGAGTTTTCTAAACGTGTGATCCTGGCAGATGACAACTTGGATAAAGTACTGTCGGCCTATAATAAACATCGTGACAAGCCGATCCGCGAACAAGCCGAGTCCATTATCCATCTGCTGAAACTGACTAACTTCGGTGCACCTACGGCATTCAAATATTTTGATACCACGATCAAACGTAACCGCTATAAATACATCAAGGAAGTTTTGGATGCAACCTTGATTCATCAGAGCATCACCGGTCTGTACGAGACACGTATTGATCTGAGTCAGTTGGGCGGTGACTAATAAGGAGAGACCAAGTACTGTATGGCTCCGGTTT,24,24,-0.15090656,-5.335513,-1.47106,-1.04604385,0.993198296154416,0.248148172495839,91.5,0.755,-0.025567893932248,0.0101908856671206,0
dgfx_18,1,TGGFSKESILPHGNSDKLIPRKTGWDPKKYGGFDSPTVAYSVLVVADVEKGKAKKLKTVKELVGITIMERSRFEKNPIDFLESKGYIRERKILIIKLPKYSLFELENGRKRLLASASELQKGNELALPTQYMKFLYLASHYNSLNGSEEIEEKKQLFVEQHKHYFDEILEIINDFSKRVILADANLEKILKAYDNFENKPIEELANNIINLFTLTSLGAPAAFKFFDETVDRKRYTSTKEVLNATLIHQSITGLYET,AAACACGTGGCAAACATTCCttGGTCTCtAAAAGACTGAGGTACAGACCGGAGGTTTTTCCAAAGAATCCATCTTACCACATGGCAACTCAGATAAACTGATTCCCCGCAAAACCGGATGGGACCCAAAAAAATACGGTGGTTTCGATTCGCCCACAGTTGCGTACAGCGTGCTGGTGGTGGCGGATGTTGAAAAAGGTAAAGCTAAAAAATTGAAAACCGTGAAAGAGTTAGTCGGCATTACCATCATGGAACGCTCGCGTTTTGAGAAAAACCCGATTGATTTTCTGGAATCAAAGGGTTATATCCGTGAACGCAAAATCTTAATCATCAAATTGCCCAAATACAGCCTGTTCGAGCTGGAAAATGGCCGTAAGCGCCTGCTGGCCTCAGCTAGTGAACTGCAAAAAGGCAACGAATTGGCGCTGCCTACTCAGTACATGAAATTTTTGTATCTGGCCTCACATTATAATAGTTTAAATGGCTCTGAAGAAATTGAAGAAAAAAAACAGCTGTTTGTTGAACAGCACAAACATTACTTTGACGAAATCCTGGAAATTATCAACGATTTTAGCAAACGTGTTATTCTGGCCGACGCGAATCTGGAAAAAATTCTGAAAGCCTATGATAATTTCGAGAACAAACCGATCGAAGAATTAGCTAATAATATTATTAACTTATTTACACTGACCAGTCTGGGAGCCCCAGCAGCGTTTAAATTCTTTGATGAGACTGTTGATCGCAAACGTTACACCAGTACCAAAGAAGTTCTGAACGCGACCTTAATTCACCAGAGCATCACGGGTCTGTACGAAACGCGTATTGATCTGAGTCAGTTGGGCGGTGACTAATAAGGAGAGACCAAGTACTGTATGGCTCCGGTTT,51,51,-0.17380452,-1.7034156,16.4838,1.67873,0.990907255264408,0.290700974388149,90.6,0.753,0.984200891782782,0.00682283088258391,3
dgfx_19,1,TGGFSKESILPHRDSDKLIARKKDLDPKKYGGFDSPTVAFSVLIVAKVKKNKSQKLKSVTELLGITIMERSSFEKNPIDFLESKGYKEVRKDLIIKLPKYSLFELENGRRRMLASAGELQKGNELALPSKFMNLLYLASRYEKLKGPPEDEEQKQLFVEQHVSYLDELLEQISEFSKKVILADANLDKVLKAYNKHRDKPIREQANNIIHLLTLTNLGAPAAFKYFGTIIGRKRYKSIKEVLDSTLIHQSITGLYET,AAACACGTGGCAAACATTCCttGGTCTCtAAAAGACTGAGGTACAGACCGGCGGCTTTTCCAAAGAGTCGATCCTGCCGCATCGTGATTCGGACAAACTGATCGCACGCAAAAAAGATCTGGATCCTAAAAAATATGGCGGATTTGATAGCCCGACCGTTGCCTTTAGCGTTCTGATTGTGGCTAAGGTCAAGAAAAATAAATCACAGAAACTGAAATCCGTGACCGAATTACTGGGCATTACTATCATGGAACGCAGCAGCTTCGAAAAGAACCCGATTGATTTTCTGGAATCAAAAGGTTATAAAGAAGTTCGCAAAGATCTGATTATCAAACTGCCGAAATACAGCTTATTCGAACTGGAAAATGGACGTCGCCGTATGCTGGCTAGTGCAGGTGAACTGCAGAAAGGCAACGAGCTGGCGTTGCCGTCAAAATTCATGAACTTACTGTACCTGGCTTCTCGCTATGAAAAACTGAAAGGGCCGCCCGAAGACGAAGAACAAAAGCAACTGTTTGTTGAACAACACGTGAGCTATCTGGATGAACTGCTGGAACAAATTAGTGAATTTTCTAAAAAGGTAATTCTGGCCGATGCGAATCTGGATAAAGTGCTGAAAGCCTATAATAAACATCGTGATAAACCGATTCGTGAACAGGCAAACAATATCATTCACCTGCTGACGCTGACCAACCTGGGCGCGCCGGCGGCGTTCAAATATTTTGGTACGATCATTGGTCGCAAACGTTATAAATCCATTAAAGAGGTTCTGGACTCGACTCTGATTCACCAAAGCATTACGGGTCTGTATGAAACCCGTATTGATCTGAGTCAGTTGGGCGGTGACTAATAAGGAGAGACCAAGTACTGTATGGCTCCGGTTT,32,32,-0.1594348,-2.3448644,8.88632,-1.312056,0.990329716772659,0.296511064763673,91.3,0.765,-0.0366966875455265,0.00992501543830973,0
dgfx_20,1,TGGFSNESILPKRDSDKLIARKKDLDPKKYGGYASPTVAYSVLVVAKVEKGKSKKLKSVKELLGITIMERSSFEKNPIDFLLAKGYKEVRKDIIIKLPKYSLFELENGRRRMLASAGELQKGNEMALPSKYVNFIYLASRYNSKKGSPEINEQKQEFVEQHKHYLDEIIEQILEFSKRVILADANLDKVLSAYNEHRDKDIREQAENIIHLFKLTSFGAPGAFKYFDTTIKRNRYRSTKEVLDSTLIHQSITGLYET,AAACACGTGGCAAACATTCCttGGTCTCtAAAAGACTGAGGTACAGACTGGCGGTTTTAGCAATGAAAGCATCTTACCAAAACGTGACAGCGATAAATTAATTGCGCGTAAAAAAGATCTGGACCCGAAAAAGTATGGTGGCTACGCATCTCCGACGGTGGCATATTCGGTACTGGTCGTGGCGAAAGTTGAGAAGGGTAAATCGAAGAAGCTGAAAAGCGTAAAGGAATTGCTGGGCATCACCATCATGGAACGTAGCAGTTTTGAGAAAAACCCAATTGATTTTCTGCTGGCAAAAGGCTATAAAGAAGTACGCAAAGATATTATCATTAAACTGCCTAAATATTCATTATTTGAACTGGAAAACGGACGCCGTCGCATGCTGGCGAGCGCGGGCGAATTACAGAAAGGCAACGAAATGGCGCTGCCGTCAAAGTACGTGAATTTTATTTACCTGGCTTCTCGCTATAACTCCAAAAAAGGCAGTCCTGAGATTAACGAACAGAAACAGGAATTTGTGGAGCAGCATAAACACTACCTGGATGAAATCATTGAACAGATTCTGGAATTCTCCAAACGCGTTATTCTGGCCGATGCAAATTTAGATAAAGTTCTGTCTGCCTATAACGAACACCGCGATAAAGATATTCGCGAACAGGCCGAAAACATCATCCACCTGTTTAAATTGACCAGTTTCGGTGCGCCAGGGGCTTTCAAATACTTTGATACGACCATCAAACGCAATCGTTATCGTAGCACCAAGGAGGTTCTGGATTCGACATTGATCCACCAATCGATCACCGGCCTGTATGAAACCCGTATTGATCTGAGTCAGTTGGGCGGTGACTAATAAGGAGAGACCAAGTACTGTATGGCTCCGGTTT,28,28,-0.15713143,-2.1850924,4.47143,-0.9855666,0.990334544022815,0.29642759123333,91.2,0.748,0.620932288069926,0.0118992426137196,2
dgfx_21,1,TGGFSKASILPKRNSSKLIARKKDWDPKKYGAFDSPNVAYSVLIVAEVEKGESKKLKSVKELLGITIMERSSFEKDPIDFLEAKGYKEVRKDLIIKLPKYSLFELEGGRKRMLASAGELQKGNQLALPSKYVNLLYHASHYEKLKGSPADNEQKQLFVEQHKEYLDEILEQISEFSKRVILADANLDKVLSAFNKHRDKDIRELAESIIHLFTLTNLGAPAAFKYFGTTIDRNRYKSIKEVLDATLIHQSITGLYET,AAACACGTGGCAAACATTCCttGGTCTCtAAAAGACTGAGGTACAGACCGGCGGGTTTTCGAAAGCTTCAATCCTGCCAAAACGCAATTCTAGCAAACTGATCGCCCGTAAGAAAGACTGGGATCCGAAAAAGTATGGCGCATTTGATTCTCCAAACGTTGCATATAGTGTTTTAATTGTCGCGGAAGTTGAAAAGGGTGAATCCAAAAAACTGAAAAGTGTGAAAGAACTGTTGGGTATCACTATCATGGAACGTAGTTCATTCGAAAAGGATCCCATCGATTTCTTGGAAGCCAAGGGTTACAAGGAAGTGCGTAAAGATCTGATTATCAAACTGCCGAAATACAGCTTGTTCGAGTTAGAAGGTGGTCGTAAACGTATGCTGGCATCAGCCGGTGAACTGCAAAAAGGCAATCAGCTGGCACTGCCGTCAAAATACGTTAACCTGTTGTATCATGCTTCTCACTATGAAAAATTAAAGGGTTCCCCTGCAGACAATGAACAGAAGCAGCTGTTCGTGGAACAGCATAAAGAATATTTAGATGAGATTTTGGAGCAGATTTCGGAATTTTCAAAACGTGTGATCCTGGCCGATGCTAATCTGGATAAAGTATTGAGCGCATTTAACAAACATCGCGATAAAGATATCCGCGAGCTGGCAGAATCAATTATCCATCTGTTTACCCTGACGAACCTGGGGGCTCCGGCCGCGTTTAAATACTTTGGCACGACCATTGACCGTAACCGCTATAAAAGCATCAAAGAAGTGCTGGATGCTACATTAATTCATCAGTCTATCACGGGCTTATACGAAACGCGTATTGATCTGAGTCAGTTGGGCGGTGACTAATAAGGAGAGACCAAGTACTGTATGGCTCCGGTTT,24,24,-0.15276408,-2.759712,10.3209,-0.523086,0.992927596021011,0.251483605634284,89.7,0.748,-0.0522592480679069,0.015419268842453,0
dgfx_22,1,TGGFSKESILPKRNSDKLIARKKDWDPKKYGGFDSPTVAYSVLVVAKVEKGKSKKLKSVKELLGITIMERSSFEKNPIDFLEAKGYKEVKKDLIIKLPKYSLFELENGRKRMLASAGELQKGNELALPSKYVNFLYLASKYEKLKGSPEDNEQKQLFVEQHKHYLDEIIEQISEYSKRVILADANLDKVLSAYNKHRDKPSREQAENIIHLLKLTNLGAPGAFKYFDTTIKQGRLKYIKVVLDATLIHQSITGLYET,AAACACGTGGCAAACATTCCttGGTCTCtAAAAGACTGAGGTACAGACAGGCGGCTTCTCTAAGGAAAGCATCCTGCCCAAACGCAACTCTGATAAACTGATCGCCCGCAAGAAAGATTGGGACCCGAAAAAATACGGTGGTTTCGACTCCCCTACAGTCGCATATTCGGTTCTGGTGGTGGCTAAAGTTGAAAAGGGCAAATCGAAAAAATTGAAAAGCGTGAAAGAACTGTTAGGTATCACGATCATGGAACGCAGCTCGTTCGAAAAAAACCCAATTGATTTTCTGGAAGCGAAAGGTTACAAAGAAGTTAAGAAGGATTTGATCATTAAATTGCCTAAATATTCCTTATTTGAACTGGAGAATGGGCGCAAACGCATGCTGGCCAGCGCGGGCGAGCTGCAGAAGGGCAATGAGCTGGCTTTACCCAGCAAATATGTCAACTTCCTGTATTTAGCGTCTAAATATGAAAAATTGAAAGGCTCCCCTGAGGATAATGAGCAGAAACAGCTGTTTGTAGAACAGCACAAACACTATTTAGATGAAATTATCGAACAAATTAGTGAGTACAGTAAGCGCGTTATTCTGGCAGACGCGAACCTGGATAAGGTTTTATCCGCTTATAATAAACATCGTGATAAGCCGAGTCGCGAGCAGGCGGAGAATATCATCCATCTGTTGAAACTGACAAATCTGGGTGCGCCCGGCGCGTTTAAATATTTTGACACGACGATTAAACAGGGTCGCCTGAAATATATTAAAGTGGTTCTGGACGCTACCCTGATTCATCAGTCTATCACCGGTTTATATGAAACTCGTATTGATCTGAGTCAGTTGGGCGGTGACTAATAAGGAGAGACCAAGTACTGTATGGCTCCGGTTT,14,14,-0.15764117,-3.8702672,-0.886183,-1.20678,0.987706522008507,0.334495600485092,91.8,0.76,-0.0534714677965798,0.00993669076201956,0
dgfx_23,1,TGGFSKESILPKRNSDKLIARKKDWDPKKYGGFDSPTVAFSVLVVAKVGKEKSKKLKSVKELLGITIMERSSFEKDPVDFLEAKGYKEVRKDIIIKLPKYSLFELENGRKRMLASAGELQKGNELALPSKYVNFLYLASHYEKLKGSPEDNEQKQLFVEQHKHYLDEIIEQISEFSKRVILADANLDKVLSAYNKHRDKPIREQASNIIHLFTLTNLGAPAAFKYFDTTIGRKRYTSTKEVLDATLIHQSITGLYET,AAACACGTGGCAAACATTCCttGGTCTCtAAAAGACTGAGGTACAGACTGGCGGTTTCAGCAAAGAGTCCATTTTGCCGAAACGCAACTCCGATAAACTGATTGCGCGCAAAAAAGATTGGGACCCGAAAAAATACGGGGGCTTTGATTCGCCCACCGTAGCCTTTTCTGTTTTAGTTGTGGCAAAGGTCGGAAAGGAGAAAAGCAAAAAACTGAAATCTGTTAAAGAACTGCTGGGGATCACCATCATGGAGCGCTCCTCGTTTGAAAAAGACCCTGTGGACTTCCTGGAGGCGAAAGGCTATAAAGAAGTGCGCAAAGATATTATTATCAAGTTACCAAAATATAGTCTGTTCGAACTGGAAAATGGTCGCAAACGTATGTTAGCTTCTGCGGGCGAACTGCAAAAGGGTAATGAACTGGCGCTGCCGTCCAAATACGTTAACTTTCTGTATCTGGCCTCTCATTATGAAAAACTGAAGGGATCGCCGGAAGACAATGAGCAGAAACAGCTGTTTGTTGAGCAGCACAAACATTATCTGGATGAAATCATTGAACAGATCTCGGAATTCTCTAAACGCGTAATTCTGGCCGACGCGAACCTGGATAAAGTGTTGAGCGCCTATAACAAACATCGTGACAAACCTATCCGCGAGCAGGCGAGCAACATCATTCATCTGTTTACCTTGACCAATCTGGGCGCGCCAGCAGCTTTCAAATATTTCGACACGACGATCGGTCGTAAACGTTACACTAGCACGAAAGAAGTCCTGGATGCCACCCTGATTCATCAATCCATTACGGGCTTATACGAAACTCGTATTGATCTGAGTCAGTTGGGCGGTGACTAATAAGGAGAGACCAAGTACTGTATGGCTCCGGTTT,9,9,-0.20600486,-3.4134603,5.04032,-0.735947,0.996989568719583,0.163598282511818,91.1,0.76,1.1321600328513,0.0119405641179561,3
dgfx_24,1,TGEFSKESILPKRNSDKLIARKKDWDPKKYGGFDSPTVAFSVLVVGKVEKGKSKKLKSVKELLGITIMERSSYRKDPIDFLEAKGYKEVRKDLIIKLPKYSLFELENGRKRMLASAGELQKGNQLALPSKYVNFLYLASHYSKNKGSPNDNEQKELFKEQFKEYLDEIIEQISEFSKRVILADANLDKVLSAYNKHRNKSIREQASNIIHLFTLTNLGAPADFKYFDTTIGRGRLKSIKEVLDATLIHQSVTGLYET,AAACACGTGGCAAACATTCCttGGTCTCtAAAAGACTGAGGTACAGACGGGCGAGTTCTCGAAAGAATCGATTCTGCCGAAACGCAATAGCGATAAATTAATTGCACGTAAAAAAGATTGGGATCCCAAAAAGTACGGTGGTTTCGATAGCCCAACTGTAGCCTTTAGTGTACTGGTTGTCGGCAAAGTGGAAAAAGGCAAGAGCAAAAAACTGAAATCGGTAAAAGAACTGCTGGGGATCACAATCATGGAACGCAGCAGCTACCGCAAAGACCCAATTGACTTTCTGGAAGCGAAAGGCTATAAAGAAGTGCGCAAAGACTTGATCATTAAGTTGCCAAAATACAGCCTGTTCGAGCTGGAAAATGGTCGCAAACGCATGTTAGCCTCTGCGGGCGAGCTGCAAAAAGGAAATCAGCTGGCGTTGCCTAGCAAATACGTGAATTTTCTGTACCTGGCGAGCCACTACAGCAAAAACAAAGGCTCCCCGAATGATAACGAGCAGAAGGAATTATTTAAGGAACAATTTAAAGAATATCTGGATGAAATCATCGAGCAAATCTCCGAATTTAGTAAACGTGTTATCCTGGCAGACGCCAACCTGGATAAGGTGCTGTCGGCTTACAATAAGCACCGTAACAAATCTATCCGCGAACAAGCGTCGAATATCATTCACCTGTTCACTCTGACCAATCTGGGGGCCCCAGCGGATTTCAAATATTTTGATACGACCATTGGCCGTGGCCGTTTGAAAAGTATTAAAGAAGTTTTAGATGCTACTCTGATCCATCAAAGCGTTACTGGGCTGTACGAAACACGTATTGATCTGAGTCAGTTGGGCGGTGACTAATAAGGAGAGACCAAGTACTGTATGGCTCCGGTTT,25,25,-0.1288197,-4.9428477,8.01291,-1.53816,0.992909395176753,0.25181684229853,89.6,0.751,-0.0144702101544901,0.0134377260373266,0
dgfx_25,1,TGGFSKESILPKRNSDKLIARKKDWDPKKYGGFDSPTVAYSILVVAKVEKGKSKKLKSVKELVGITIMERSSFEKDPIDFLEAKGYKEVRKDLIIKLPKYSLFELENGRKRMLASAGELQKGNELALPNKYVNFLYLASHYSKLKGSPEDNEQKQLHVEQHKHYLDEIIEQISEFSKRVILADANLDTVLSAYNKHKDKDIREQAENIIHLFRYTSFGAPTAFKYFDTTIERNRYKSITEVLDATLIHQSITGLYET,AAACACGTGGCAAACATTCCttGGTCTCtAAAAGACTGAGGTACAGACGGGCGGCTTTTCTAAAGAATCTATCTTGCCTAAACGTAACTCAGATAAATTAATCGCGCGTAAAAAAGATTGGGACCCAAAGAAGTATGGAGGCTTCGATAGTCCTACAGTCGCCTATAGCATTCTGGTGGTTGCGAAGGTGGAAAAAGGTAAATCAAAAAAACTGAAAAGCGTGAAGGAGCTGGTGGGTATCACCATCATGGAACGCTCGAGTTTTGAAAAAGATCCGATTGACTTTCTGGAAGCCAAAGGCTATAAAGAGGTGCGCAAAGACCTGATTATCAAGCTGCCCAAATATAGTTTGTTTGAACTGGAAAATGGCCGCAAGCGCATGCTGGCGTCAGCAGGGGAGCTGCAGAAAGGAAACGAACTGGCGCTGCCTAACAAGTATGTCAACTTTCTGTATCTGGCGAGCCACTATAGTAAACTGAAAGGTAGTCCGGAAGATAATGAACAAAAACAGCTGCACGTAGAACAACATAAACACTATCTGGATGAGATTATTGAGCAGATCAGCGAGTTCTCCAAACGCGTCATCCTGGCAGATGCTAACTTAGACACAGTTTTGTCTGCTTATAATAAACACAAGGATAAAGATATCCGCGAACAAGCCGAAAATATTATCCACTTGTTCCGTTACACCTCATTCGGCGCCCCCACCGCCTTCAAATATTTTGACACCACTATCGAACGTAACCGCTACAAATCGATCACTGAGGTGCTGGACGCGACTTTGATCCACCAGAGCATTACAGGACTGTATGAAACACGTATTGATCTGAGTCAGTTGGGCGGTGACTAATAAGGAGAGACCAAGTACTGTATGGCTCCGGTTT,20,20,-0.16486669,-3.9712987,7.09651,0.7005,0.996080514394058,0.187187493792968,92.6,0.775,-0.0525518328675017,0.0144932088578972,0
dgfx_26,1,TGGFSKESILPKRNSDKLIARKKYWDPKKYGGFDSPIVAFSVLVVAKVAKGKSQKLKSVKELVGITIMERSMFEKDPVAFLEAKGYKEVRKDLIIILPKYSLFELEGGRKRMLASAGELQKGNQLALPQHFMNFLYLASRYSSLTGSEEDKKQDQLFVKQHKEYFDEIIDIISEFSKRVILADSNLEKLNKAYNQKQNKPIDELAENIIHLFTFTSFGAPATFKFFDKNIDRKRYTSTKEVLDATLIHQSPSGLYET,AAACACGTGGCAAACATTCCttGGTCTCtAAAAGACTGAGGTACAGACGGGGGGTTTCTCGAAAGAGAGTATTTTGCCAAAACGTAATAGTGATAAGCTGATTGCCCGTAAGAAGTATTGGGATCCTAAAAAGTACGGCGGATTTGACTCGCCAATCGTTGCGTTTAGCGTGCTGGTCGTCGCTAAAGTTGCCAAAGGCAAGAGTCAGAAACTGAAATCCGTAAAAGAATTAGTCGGTATCACGATTATGGAACGTTCGATGTTCGAGAAAGATCCTGTTGCGTTTTTAGAGGCGAAAGGCTATAAAGAAGTGCGTAAAGATCTGATTATTATCCTGCCAAAGTATTCTTTGTTTGAATTGGAAGGCGGACGTAAACGTATGTTGGCCTCGGCGGGGGAATTGCAGAAGGGAAATCAACTGGCTCTGCCGCAGCATTTTATGAATTTTTTATACTTAGCCTCCCGTTATAGCTCCCTGACGGGTTCCGAAGAGGATAAGAAACAGGACCAATTATTCGTGAAACAACACAAAGAGTATTTTGACGAAATCATCGATATTATCTCCGAATTCAGCAAACGCGTGATCTTAGCGGATTCCAATCTGGAAAAACTGAATAAAGCCTACAACCAGAAGCAGAACAAACCGATTGATGAACTGGCAGAGAACATCATTCACTTGTTTACCTTCACTTCTTTCGGCGCCCCGGCGACCTTTAAATTTTTCGATAAAAACATCGACCGCAAGCGCTACACGAGCACCAAAGAGGTACTGGACGCGACCTTGATTCATCAGTCGCCCTCGGGGCTGTATGAAACCCGTATTGATCTGAGTCAGTTGGGCGGTGACTAATAAGGAGAGACCAAGTACTGTATGGCTCCGGTTT,51,48,-0.11901593,-1.5340425,10.2112,-0.79371,0.991799453162815,0.285230006139208,92.3,0.766,-0.0218085694973208,0.0116737819537293,0
dgfx_27,1,TGGFSNESILPKRNSDKLIARKKDWDPKKYGGFDSPTIAYSVLVVAKVEKGKSKELKSVKELVGITIMARSSFEKDPIDFLEAKGYKEVRKDLIIKLPKYSLFELENGRKRMLAGAGELQKGNELALPSKYVNFLYLASHYEKLKGSPEDNEQKQLFIEQHKHYLDELIEKISEFSKRVILADANLDKVLSAYNKHRDKPIREQAENIIHILNLTNLGAPAAFKYFDTTIGRNRYKTIKEVLDATLIHQSITGLYET,AAACACGTGGCAAACATTCCttGGTCTCtAAAAGACTGAGGTACAGACCGGCGGCTTTAGCAATGAGAGCATCTTGCCAAAACGCAACAGCGATAAACTGATCGCCCGCAAAAAAGATTGGGATCCGAAAAAGTATGGCGGTTTTGATTCCCCGACGATCGCTTACAGTGTCTTAGTGGTTGCAAAAGTTGAGAAAGGCAAAAGCAAGGAATTGAAGTCTGTGAAAGAACTGGTTGGCATTACGATCATGGCGCGTTCTAGTTTTGAAAAAGATCCGATCGATTTCTTGGAGGCGAAGGGGTACAAAGAAGTGCGCAAAGACCTGATTATCAAACTGCCAAAATATAGTCTGTTTGAGCTGGAAAACGGTCGCAAACGCATGCTGGCGGGGGCAGGCGAATTGCAAAAAGGCAATGAGCTGGCGTTGCCATCGAAATACGTGAATTTTTTGTACTTAGCGAGCCATTACGAGAAACTGAAGGGTAGCCCGGAAGACAACGAACAGAAACAATTATTTATCGAGCAGCATAAACACTACCTGGACGAACTGATCGAAAAAATTAGCGAATTCTCTAAGCGTGTTATCCTGGCCGACGCGAACCTGGATAAGGTATTGTCGGCATACAACAAACACCGTGATAAGCCGATTCGTGAACAGGCTGAAAACATTATTCACATCTTAAATCTGACTAACCTGGGCGCCCCTGCCGCCTTCAAATATTTTGATACCACGATTGGACGCAATCGCTACAAAACGATTAAGGAAGTGTTAGACGCGACCTTAATTCATCAGTCCATTACAGGTCTGTACGAGACTCGTATTGATCTGAGTCAGTTGGGCGGTGACTAATAAGGAGAGACCAAGTACTGTATGGCTCCGGTTT,19,19,-0.15903187,-5.4457254,4.1318,-1.0233099,0.994124951051755,0.228754874585983,92.2,0.765,0.168457419426581,0.0126409139771396,1
dgfx_28,1,TGGFSKESILSKRNSDKLIPRKKGWDPRKYGGFDSPTVAYSVLVVAKVEKGKAKKLKSVKEMVGITIMERIAFEKNPIDFLEAKGYIEVRLDLIIILPKYSLFELENGRKRLLASAGELQKGNELALPSKYMQFLYLASHYSSLKGSPEDNEQKKYFVEQHLHYFDDIIEQISDFSKRVILADSNLEKVLSAYNKHEDLPINEQAENIIHLFTYTSLGAPGAFKFFDTTIDRKRYTSSKVVLNATLIHQSITGLYET,AAACACGTGGCAAACATTCCttGGTCTCtAAAAGACTGAGGTACAGACCGGCGGTTTCAGCAAGGAATCTATCTTGTCTAAACGCAACAGTGATAAATTGATTCCGCGTAAAAAAGGCTGGGATCCGCGTAAATATGGTGGGTTCGATAGTCCGACGGTGGCGTATTCCGTGCTGGTAGTCGCGAAGGTAGAAAAAGGGAAAGCAAAAAAACTGAAAAGCGTGAAGGAAATGGTGGGAATCACCATTATGGAACGTATTGCGTTTGAAAAGAACCCGATTGACTTTCTGGAAGCGAAGGGCTATATTGAAGTGCGCTTAGATTTGATTATTATCCTGCCGAAATATTCGCTGTTTGAATTGGAAAACGGCCGCAAACGTTTGCTGGCGTCTGCAGGTGAACTGCAGAAAGGTAATGAACTGGCTTTACCGAGTAAATACATGCAGTTTCTGTATTTGGCCAGCCATTACAGCTCACTGAAAGGTTCACCGGAAGATAATGAGCAAAAGAAATATTTCGTGGAGCAACACCTGCATTATTTTGATGACATCATTGAGCAGATCAGCGACTTTTCAAAACGTGTAATTCTGGCCGATTCCAACCTGGAGAAAGTTCTGTCCGCCTATAACAAGCACGAAGATTTGCCAATCAATGAACAAGCCGAAAACATCATTCACCTGTTTACCTATACGTCCTTGGGTGCACCAGGGGCGTTCAAATTCTTCGACACCACTATTGACCGTAAACGTTACACGAGCAGCAAAGTAGTGCTGAACGCTACACTGATCCATCAAAGCATTACGGGTTTATATGAAACCCGTATTGATCTGAGTCAGTTGGGCGGTGACTAATAAGGAGAGACCAAGTACTGTATGGCTCCGGTTT,36,36,-0.1519599,-5.50048,9.25068,0.0318499999999999,0.993887584935662,0.234380067956905,91.8,0.764,-0.0355820684794471,0.0144591238742913,0
dgfx_29,1,TGGFSKESILSKRNSDKLIPRKKGWDPKKYGGFDSPIVAYSVLVIAKVEKGKSKKLKSVKEMVGITIMERSSFEKDPVDFLEAKGYIEVRLDLIIKLPKYSLFKLENGRKRLLASAGELQKGNELALPNKYVNFLYLASHYSKLTGSEEDNEQKKLFVEQHLHYFDEIIDQISEFSKRVILADSNLEKVLSAYNKHRDKPINEQAENIIHLFTFTSFGAPATFKCFDVTIDRKRYTSTKEVLDATLIHQSITGLYET,AAACACGTGGCAAACATTCCttGGTCTCtAAAAGACTGAGGTACAGACCGGGGGTTTTAGCAAGGAATCGATCCTGAGCAAACGCAATAGCGATAAGTTGATTCCGCGTAAAAAAGGCTGGGATCCGAAAAAATATGGTGGCTTCGATAGTCCGATTGTGGCATATAGCGTTCTGGTTATCGCGAAAGTTGAAAAAGGCAAATCCAAAAAGTTAAAGAGTGTCAAAGAGATGGTCGGTATTACTATCATGGAACGCAGTAGCTTTGAAAAAGACCCTGTGGACTTCTTGGAGGCCAAAGGTTATATCGAAGTCCGCCTGGATTTAATTATTAAGCTGCCAAAATATAGTTTATTCAAACTGGAGAACGGCCGCAAACGTCTGTTGGCATCCGCGGGGGAACTGCAAAAAGGTAACGAACTGGCGCTGCCAAACAAGTACGTGAACTTTCTGTATTTGGCCTCCCATTATTCGAAACTGACTGGCAGCGAGGAAGATAACGAACAGAAAAAATTATTTGTGGAACAGCATCTGCACTATTTCGATGAAATTATCGATCAAATCTCAGAATTTAGCAAACGTGTTATTTTGGCTGACAGCAATCTGGAAAAAGTGTTATCTGCTTACAATAAACATCGTGACAAACCGATTAACGAACAGGCCGAGAATATCATCCATCTGTTCACGTTTACGAGTTTCGGTGCCCCAGCCACATTTAAATGTTTTGATGTAACGATTGATCGTAAACGTTATACCAGCACGAAAGAAGTACTGGATGCCACGCTGATTCATCAATCTATCACAGGGTTGTATGAAACGCGTATTGATCTGAGTCAGTTGGGCGGTGACTAATAAGGAGAGACCAAGTACTGTATGGCTCCGGTTT,31,31,-0.16119719,-5.4129825,7.13818,-1.499669,0.993884210776456,0.234448334808613,91.9,0.765,1.19829500717952,0.0291010306332657,3
dgfx_30,2,TGGFSKESILPKGNSDKLIARKTYWDPKKYGGFDSPTVAYSVLIIADVEKGKSKKLKSVTELLGITIMERSSFERDPVAFLEAKGYIEVDNDIIIKLPKYSLFELENGRRRLLASAGELQKGNELALPSKYMTLLYLASHYNALKGPPEDNHQKQLFVNQHKSEFKDIIQYISDFSKRIILADANLEKILKAYEDKEDIDINELAKSIINLFTFTSLGAPAAFKYFDKTIDRKRYTSTKEVLNATLIHQSITGLYET,AAACACGTGGCAAACATTCCttGGTCTCtAAAAGACTGAGGTACAGACGGGTGGGTTTAGCAAGGAAAGCATTCTGCCGAAAGGCAACTCGGACAAGTTGATTGCGCGTAAAACGTATTGGGATCCGAAGAAATACGGCGGCTTTGACTCGCCAACCGTGGCATATTCTGTTCTGATTATCGCTGATGTAGAAAAAGGCAAAAGCAAAAAGCTGAAAAGCGTCACCGAACTGTTGGGGATCACGATTATGGAGCGCAGTTCATTCGAACGTGATCCGGTAGCGTTTCTGGAAGCCAAAGGGTATATTGAAGTTGATAACGACATCATTATCAAATTACCGAAATACTCCCTGTTCGAGCTGGAAAACGGGCGCCGTCGTCTGTTAGCGTCTGCAGGTGAACTGCAGAAAGGTAATGAGCTGGCCCTGCCTTCGAAATATATGACTCTGCTGTACCTGGCGAGTCATTATAATGCCCTGAAAGGACCGCCAGAAGACAACCACCAGAAGCAACTGTTCGTAAACCAACATAAAAGTGAATTTAAAGATATCATTCAATACATTTCAGACTTCTCTAAGCGTATTATTCTGGCGGATGCCAACCTGGAAAAAATCCTGAAAGCCTACGAAGATAAAGAAGATATCGATATTAACGAGCTGGCGAAAAGTATCATTAATCTGTTTACCTTTACTTCTCTGGGCGCGCCGGCGGCGTTCAAATATTTTGACAAAACTATCGATCGCAAACGCTATACCTCTACCAAAGAAGTGCTGAACGCCACTCTGATCCACCAGAGTATCACCGGCTTGTACGAGACTCGTATTGATCTGAGTCAGTTGGGCGGTGACTAATAAGGAGAGACCAAGTACTGTATGGCTCCGGTTT,52,51,-0.17281318,-1.888926,15.0811,0.99842,0.991473899371118,0.286538813609758,91.8,0.769,0.0212973022217201,0.00751899963864722,0
dgfx_32,2,TGGFSKESISPKRNSDKLIPRKTYWDPKKYGGFDSPIVAYSVLVIAKIEKGKSQKLKTVKELVGITIMEKSSFEKDPVAFLEAKGYIQAEKLLIIKLPKYSLFELENGRKRLLASAGELQKGNELALPTKYVTFLYLASHYKNKGGSEEDNKQKYLFVVQHKDYFKDIIQMISEFAKRVTLADANLEKILHLYNNHEGKSIRELANNIISLFTFTNLGAPATFKYFDTTIDRKRYTSTKEVLNSTLIHQSITGLYET,AAACACGTGGCAAACATTCCttGGTCTCtAAAAGACTGAGGTACAGACAGGCGGTTTTAGCAAGGAAAGCATCTCCCCAAAGCGTAATTCAGATAAACTGATTCCGCGCAAAACCTATTGGGATCCGAAAAAATACGGAGGGTTCGATAGCCCTATTGTCGCATACTCCGTACTGGTGATTGCGAAGATTGAAAAAGGTAAATCCCAAAAACTGAAAACGGTGAAAGAACTGGTCGGCATCACCATTATGGAAAAGTCCTCGTTCGAAAAAGATCCGGTGGCCTTCCTGGAGGCTAAGGGATACATCCAGGCCGAAAAACTGTTAATCATTAAGCTGCCGAAGTACTCATTATTTGAACTGGAAAACGGGCGCAAACGCCTGCTGGCGAGCGCTGGTGAACTGCAAAAAGGCAATGAGCTGGCTCTGCCGACAAAGTATGTAACCTTTCTGTACCTGGCAAGCCATTATAAGAACAAAGGGGGGTCCGAGGAAGATAATAAACAGAAGTACTTGTTCGTTGTGCAGCACAAGGACTATTTTAAAGATATTATTCAGATGATCAGTGAATTCGCCAAACGCGTCACCCTGGCGGATGCGAACCTGGAGAAGATTCTGCATCTGTATAACAACCATGAGGGCAAAAGCATCCGCGAACTGGCAAACAACATTATTTCGTTATTTACATTCACGAACCTGGGAGCCCCCGCCACCTTTAAATACTTTGATACCACGATTGATCGTAAACGCTACACGAGCACGAAAGAAGTCTTAAACAGCACCCTGATCCATCAGTCGATTACAGGGCTGTATGAGACACGTATTGATCTGAGTCAGTTGGGCGGTGACTAATAAGGAGAGACCAAGTACTGTATGGCTCCGGTTT,53,51,-0.16187763,-2.5242815,3.60983,-0.625342,0.983868767511244,0.414412510273091,90.3,0.76,0.0252040109290211,0.00334277382592368,0
dgfx_33,2,TGGFSKESILPKGNSDKLIARKTDWDPKKYGGFDSPIVAYSVLVIAKVEKGKSKKLKTVTELLGITIMERSAFEKNPIAFLEAKGYIRIEKLMIIKLPKYSLFELENGRRRMLAGAGELQKGNELALPTYYGTFLYLAAHYNNLGGSPEINHQKQEFVNKHKHEFKDILELISDFAKRIILADKNLEKVLHLYNNKEDKDINELANSIIHLFTFTNLGAPAAFKYFDTTIDRKRYTSTKEVLNSTLIHQSITGLYET,AAACACGTGGCAAACATTCCttGGTCTCtAAAAGACTGAGGTACAGACCGGCGGATTTTCAAAGGAAAGCATTCTGCCAAAAGGGAACTCAGACAAGCTGATTGCCCGTAAAACCGACTGGGACCCGAAGAAGTATGGTGGCTTTGATTCCCCGATCGTCGCGTACTCCGTCTTGGTCATTGCCAAAGTCGAAAAGGGCAAAAGCAAAAAACTGAAAACAGTTACAGAACTGCTGGGTATTACAATTATGGAGCGTAGTGCCTTTGAAAAAAATCCCATTGCGTTCCTGGAGGCTAAAGGCTATATCCGTATTGAGAAATTAATGATCATCAAACTGCCAAAATATAGTTTATTCGAACTGGAAAATGGGCGCCGCCGCATGCTGGCGGGCGCTGGCGAATTGCAGAAAGGCAATGAATTGGCGTTGCCGACTTACTATGGTACCTTTCTGTATTTGGCGGCCCATTACAACAATCTGGGTGGATCGCCCGAAATTAATCATCAGAAACAGGAATTTGTTAATAAGCATAAACACGAATTTAAAGATATCCTGGAACTGATTTCCGACTTCGCGAAGCGTATTATTCTGGCCGATAAGAATCTGGAAAAAGTCCTGCACCTGTACAACAATAAAGAAGACAAAGATATCAATGAACTGGCGAACAGCATCATTCATCTGTTTACGTTTACCAATTTAGGCGCACCGGCAGCATTTAAATACTTTGATACTACCATCGATCGTAAGCGTTATACCAGCACGAAAGAAGTATTGAACTCAACACTGATCCATCAGAGCATTACCGGACTGTACGAAACCCGTATTGATCTGAGTCAGTTGGGCGGTGACTAATAAGGAGAGACCAAGTACTGTATGGCTCCGGTTT,53,53,-0.16509056,-1.4194359,11.8513,0.6007,0.990652907983207,0.291238276681279,90.7,0.755,0.0123672489274361,0.00401512699691995,0
dgfx_34,2,TGGFSKESILPKRNSDKLIPRKTYWDPKKYGGFDSPTVAYSVLVVADIEKGKAKKLKTVTELVGITIMEKSSFERNPVAFLEAKGYIRVDKLIIIILPKYSLFELENGRRRLLASAGELQKGNELALPTQLMTFLYLAAHYNNLGKSPEDNHQKQLFVNQHKSYFKEIIQLISEFSKRVILADANLEKILKLYNNHEDKPIRELANSIINLFTFTALGAPAAFKFFDTTIDRKRYTSTKEVLDATLIHQSITGIYET,AAACACGTGGCAAACATTCCttGGTCTCtAAAAGACTGAGGTACAGACAGGGGGCTTCAGTAAAGAATCGATCTTGCCGAAGCGTAACAGCGACAAACTGATCCCTCGCAAAACATACTGGGATCCAAAAAAATATGGTGGTTTCGATTCCCCGACGGTTGCGTATTCGGTTCTGGTCGTGGCGGACATCGAAAAAGGTAAAGCCAAAAAATTAAAGACCGTTACGGAGCTGGTCGGTATTACCATCATGGAAAAAAGCTCGTTCGAACGTAATCCCGTGGCATTTCTGGAAGCCAAAGGGTATATTCGTGTTGACAAGCTGATCATCATCATCTTGCCCAAGTACTCCCTGTTCGAACTGGAAAATGGTCGCCGCCGTCTGCTGGCTTCCGCCGGCGAATTACAAAAAGGCAATGAGCTGGCGTTACCGACGCAGCTGATGACGTTCCTGTACTTGGCGGCACATTACAATAATCTGGGAAAAAGCCCCGAAGACAACCACCAAAAACAGTTGTTTGTCAACCAGCACAAAAGCTACTTCAAAGAGATTATCCAACTGATTTCGGAATTCTCTAAACGCGTGATCCTGGCAGATGCCAACCTGGAAAAAATTTTAAAACTGTATAATAACCACGAAGATAAACCTATTCGCGAATTAGCGAATAGCATTATTAATCTGTTCACATTTACAGCCCTGGGTGCGCCCGCCGCGTTCAAATTTTTCGATACCACGATCGACCGCAAGCGCTACACCTCTACAAAGGAAGTGCTGGACGCCACGCTGATCCATCAAAGCATTACCGGCATTTATGAGACACGTATTGATCTGAGTCAGTTGGGCGGTGACTAATAAGGAGAGACCAAGTACTGTATGGCTCCGGTTT,52,52,-0.1854279,-1.9671477,6.65665,-0.0265599999999999,0.990929915968961,0.28922108310653,91.5,0.765,0.0104654522113034,0.00913383907953233,0
dgfx_35,2,TGGFSKESILPKGNSDKLIARKTYWDPKKYGGFDSPIVAYSVLVVAKVEKGKAQKLKSVTELLGITIMERSSFEKNPVAFLEAKGYKREEKDMIIILPKYSLFELENGRRRLLASAGELQKGNELALPTKYVTFLYLAQRINALGKPPEIEHQKQEFVNQHVHYLKDIIQYISDFSKRVILADSNLEKILSTYNNNENKSVKELANSIIHLFTFTSLGAPAAFKFFDTIIDRKRYTSTTEVLNSTLIHQSITGLYET,AAACACGTGGCAAACATTCCttGGTCTCtAAAAGACTGAGGTACAGACGGGCGGATTCTCAAAAGAATCGATTCTGCCGAAAGGTAACTCCGACAAACTGATTGCTCGCAAAACGTATTGGGACCCCAAAAAGTATGGCGGCTTTGATTCGCCTATTGTCGCGTATAGCGTGTTAGTAGTCGCCAAAGTTGAGAAGGGCAAAGCCCAGAAGCTGAAGTCAGTTACCGAACTGCTGGGTATTACGATCATGGAGCGTTCGTCGTTTGAGAAAAACCCGGTTGCGTTTCTGGAAGCGAAAGGTTACAAACGTGAAGAAAAAGACATGATTATCATTCTGCCAAAGTATTCATTATTTGAACTGGAAAACGGTCGTCGCCGCCTGCTGGCGTCAGCCGGCGAGTTGCAAAAGGGGAATGAACTGGCGCTGCCGACGAAATACGTGACGTTTCTGTATTTGGCCCAGCGTATTAACGCCTTGGGCAAACCCCCAGAGATTGAGCATCAGAAACAGGAATTCGTTAACCAGCATGTACATTACCTGAAAGATATTATTCAATACATTTCGGACTTTAGCAAACGTGTCATTCTGGCAGATTCCAATCTGGAAAAAATTTTAAGTACTTACAACAATAACGAAAATAAATCCGTAAAAGAGTTAGCTAATTCGATTATTCACTTGTTTACCTTTACCAGTTTGGGGGCGCCGGCCGCCTTCAAATTCTTCGATACCATTATTGATCGCAAACGCTACACCTCCACCACAGAAGTCCTGAATTCAACGTTGATCCACCAATCTATTACAGGCTTGTATGAAACCCGTATTGATCTGAGTCAGTTGGGCGGTGACTAATAAGGAGAGACCAAGTACTGTATGGCTCCGGTTT,58,54,-0.16952085,-0.9480844,25.542,2.27441,0.989773552957969,0.316228523873762,90.4,0.767,0.0635161656745852,0.00235442222815353,0
dgfx_36,2,TGGFSKESILPKGDSDKLIARKTDWDPKKYGGFDSPIVAYSVLVVAKIEKGASKKLKTVTELLGITIMEKSSFEKNPIAFLEAKGYIEVEKLLIIKLPKYSLFELENGRRRLLASAGELQKGNELALPTKYVNLLYLASHYNSLKKSPEDEEQKQEYVNQHKSYFKDIINLISEFSKKVILADANLEKVLHTYANNRDEPVRELANSIIHLFTFTAIGAPAAFKFFDKTIDRKRDTSVTEVLNSTLIHQSITGLYET,AAACACGTGGCAAACATTCCttGGTCTCtAAAAGACTGAGGTACAGACCGGCGGGTTTTCGAAAGAGAGCATTCTGCCTAAAGGGGATAGTGATAAACTGATTGCACGTAAAACCGATTGGGATCCTAAGAAATATGGCGGATTTGACTCGCCGATTGTCGCGTATTCAGTGCTGGTTGTAGCCAAAATTGAGAAAGGCGCGTCGAAAAAGCTGAAAACCGTTACTGAACTGCTGGGCATCACCATTATGGAGAAATCCTCTTTTGAAAAAAACCCAATTGCATTCCTGGAAGCGAAAGGCTACATCGAGGTGGAAAAGCTGTTGATCATCAAATTGCCAAAGTATTCCCTGTTCGAATTGGAAAATGGTCGCCGCCGTTTGCTGGCGAGCGCGGGCGAATTACAAAAAGGTAACGAATTAGCACTGCCCACAAAATATGTGAATCTGTTATACTTGGCATCACACTATAACTCGCTGAAAAAAAGCCCCGAAGACGAAGAACAGAAACAGGAGTATGTGAACCAGCACAAATCCTATTTTAAAGATATTATTAATTTGATTAGCGAATTCTCGAAAAAAGTTATTCTGGCAGACGCGAACCTGGAAAAAGTTCTGCATACGTATGCGAATAACCGCGATGAGCCGGTTCGCGAGCTGGCGAATAGCATTATTCACCTGTTTACCTTCACCGCCATTGGCGCGCCTGCGGCCTTCAAATTTTTTGACAAGACGATTGACCGCAAGCGCGACACGTCTGTGACCGAAGTATTAAATAGCACCCTGATCCACCAATCTATTACCGGTCTGTACGAAACGCGTATTGATCTGAGTCAGTTGGGCGGTGACTAATAAGGAGAGACCAAGTACTGTATGGCTCCGGTTT,52,52,-0.16372919,-1.4429398,19.1001,1.57285,0.990326901303027,0.297691310995238,90.3,0.751,0.0170486494637009,0.00279926239888748,0
dgfx_37,2,TGGFSKESISAKGNSDKLIARKTYWDPKKYGGFDSPIVAYSVLVVADVEKGKSKKLKTVKELLGITIMERSAFEKNPIAFLESKGYIRVRNLMIIKLPKYSLYELENGRRRLLASARELQKGNEMALPSKYMTFLYLASHYNALKKSSEDNKQKQEFVNQHKSYFKDIIQYISEFSKKVILADANLEKILSLYNNHENKPIDELANSIINLFTFTNLGTPAAFKYFDTTIDRKRYTSTKEVLDATLIHQSITGLYET,AAACACGTGGCAAACATTCCttGGTCTCtAAAAGACTGAGGTACAGACCGGTGGGTTCTCTAAAGAAAGCATCAGCGCAAAAGGCAACTCTGATAAGCTGATCGCCCGCAAAACGTACTGGGACCCGAAAAAATACGGTGGCTTCGATTCACCGATTGTTGCGTATAGCGTGTTGGTAGTGGCCGACGTGGAGAAAGGTAAAAGTAAGAAACTGAAAACCGTAAAAGAGTTATTAGGTATCACCATCATGGAACGTAGCGCCTTTGAGAAAAATCCCATTGCATTTCTGGAGAGTAAAGGCTATATTCGTGTGCGCAACTTAATGATTATTAAACTGCCCAAATACTCTTTATATGAACTGGAAAACGGCCGCCGCCGTCTGCTGGCCAGTGCACGCGAATTGCAGAAGGGTAACGAAATGGCGTTACCCAGTAAATATATGACTTTCTTGTACTTGGCAAGTCACTATAACGCGTTGAAAAAATCTTCCGAGGACAATAAACAAAAACAAGAATTTGTCAATCAACATAAAAGCTATTTTAAAGATATCATCCAGTATATCTCCGAATTTAGCAAAAAAGTTATCCTGGCTGATGCGAACTTGGAAAAAATCTTAAGTTTATATAACAACCACGAGAACAAACCGATTGATGAATTAGCTAATTCAATTATCAACCTGTTTACATTCACCAATCTGGGTACTCCTGCCGCTTTTAAATACTTTGATACCACCATCGATCGTAAGCGTTATACCTCCACAAAAGAGGTGTTAGACGCGACCCTGATCCATCAATCAATCACGGGCCTGTACGAAACCCGTATTGATCTGAGTCAGTTGGGCGGTGACTAATAAGGAGAGACCAAGTACTGTATGGCTCCGGTTT,51,51,-0.17355943,-1.511714,15.7574,1.70203,0.987075721996707,0.401668816018637,90.5,0.752,0.0138764099727889,0.0043614445681295,0
dgfx_38,2,TGGFSKESILPKGNSDKLIPRKTYWDPKKYGGFDSPIVAYSVLVVADVEKGKSQKLKTVKELVQITIMEKSRFEKNPIAFLEAKGYKRERKLIIIKLPKYSLFELENGRRRLLASAGELQKGNEMALPSKLVTFLYLASHYNAIGKSPEDNKQKQLFVNQHKSYFKDIIQLISDFSKRVILADANLEKILKLYNNKSNKPINEIAESIINLFTFVNLGAPAAFKYFDATIDRKRYTSTKEVLDSTLIHQSITGLYET,AAACACGTGGCAAACATTCCttGGTCTCtAAAAGACTGAGGTACAGACTGGAGGCTTTTCGAAAGAGTCGATTCTGCCGAAGGGTAACTCTGATAAACTGATTCCGCGTAAAACGTACTGGGATCCGAAAAAATACGGCGGTTTCGATTCACCTATTGTCGCGTATAGCGTCTTAGTGGTCGCTGATGTAGAAAAAGGCAAAAGCCAGAAGTTAAAAACGGTCAAAGAACTGGTCCAAATCACGATCATGGAGAAGAGCCGCTTTGAAAAAAATCCAATTGCGTTTTTAGAAGCCAAGGGTTATAAGCGTGAACGTAAGCTGATTATTATCAAGCTGCCGAAATATTCGCTGTTTGAACTGGAAAATGGTCGTCGCCGTCTGCTGGCATCTGCGGGAGAATTGCAAAAGGGCAATGAAATGGCACTGCCGTCGAAATTAGTTACCTTCTTATATCTGGCGAGCCATTACAATGCCATCGGCAAAAGTCCGGAAGATAATAAACAGAAACAGTTGTTCGTCAATCAGCATAAGTCCTATTTTAAAGATATTATCCAGTTGATTAGCGACTTCAGCAAACGCGTGATCTTAGCTGATGCAAACCTGGAAAAAATCCTGAAACTGTATAATAACAAATCGAATAAACCAATCAATGAAATTGCGGAATCGATCATTAATTTATTTACCTTTGTGAACCTGGGTGCCCCAGCAGCGTTCAAATACTTTGACGCTACTATCGACCGTAAGCGTTATACCAGCACTAAAGAGGTGCTGGATTCGACCTTGATTCATCAGTCAATCACGGGTCTGTATGAAACACGTATTGATCTGAGTCAGTTGGGCGGTGACTAATAAGGAGAGACCAAGTACTGTATGGCTCCGGTTT,53,53,-0.17327642,-1.7550449,11.2711,1.61312,0.977876421381628,0.533736461451054,91.3,0.772,0.147629680998287,0.0102495056389971,1
dgfx_39,2,TGGFSKENISPHGNSDKLIPRKTYWDPKKYGGFDSPIVAYSVLVVAKIEKGKAKKLKTVKELLGITIMERSSFEKDPIAFLEAKGYKQIDKLIITKLPKYSLFELENGRRRRLASAGELQKGNEIALPSQFMTFLYLASRYKSLGKPPEDNKQKQLFVEQHKSYFKDIIQIISEFSKRVILAEANLEKILSLYANKENISVDELANSIIHLFTFTNLGAPAAFKFFDTIIDRKRYTSTKEVLNSTLIHQSITGLYET,AAACACGTGGCAAACATTCCttGGTCTCtAAAAGACTGAGGTACAGACCGGTGGCTTCAGCAAAGAAAACATTAGTCCTCACGGCAATAGCGACAAACTGATTCCGCGTAAAACCTACTGGGATCCCAAAAAATATGGCGGTTTTGATAGCCCGATTGTCGCGTACTCGGTTTTGGTGGTCGCGAAGATTGAAAAAGGTAAAGCTAAAAAACTGAAAACTGTGAAAGAACTGCTGGGTATCACCATCATGGAACGTAGTTCCTTCGAAAAGGATCCCATCGCGTTTCTGGAAGCGAAGGGTTACAAACAGATCGATAAGCTGATCATCACCAAGCTGCCAAAATACAGTCTGTTCGAACTGGAAAACGGCCGCCGTCGTCGTTTAGCGAGCGCCGGTGAATTGCAAAAAGGGAATGAAATCGCTCTGCCGTCGCAATTTATGACCTTCTTATATCTGGCGTCGCGCTACAAATCGCTGGGCAAACCTCCAGAGGATAATAAACAAAAACAACTGTTTGTAGAACAACACAAGTCCTACTTCAAAGACATCATTCAAATCATTTCCGAGTTTAGCAAACGTGTGATCCTGGCGGAAGCGAACTTAGAGAAAATTTTAAGTCTGTACGCGAATAAAGAAAATATCTCCGTGGACGAGCTGGCCAACTCTATCATTCACCTGTTTACGTTTACCAATCTGGGTGCACCGGCCGCCTTTAAATTCTTTGACACCATCATCGATCGCAAACGCTACACGTCCACCAAAGAGGTTCTGAACTCCACTCTGATTCACCAATCGATCACCGGCCTGTACGAAACGCGTATTGATCTGAGTCAGTTGGGCGGTGACTAATAAGGAGAGACCAAGTACTGTATGGCTCCGGTTT,60,52,-0.16808891,-0.77136445,11.972,1.67209,0.981916519480135,0.486337296202412,91.5,0.765,0.0107680401392429,0.00418054224806417,0
dgfx_40,2,TGGFSDESILPKGNSDKLIARKTYWDPKKYGGFDSPTVAYSILLIADIEKGKSQKLKTVTELLGITIMERSSFEKNPIAFLESKGYIRVDSLLIIKLPKYSLFELENGRKRLLASAGELQKGNEIALPTQYMTFLYLASRYNNLKKPPEDKKKKQEFVNQHVSYFKDILQYISDFSKRVILADANLEKILSLFNNKEDISIDELANSIINLFTFTSLGAPAAFKFFDTDIDRKRYTSTKEILDSTLIHQSITGLYET,AAACACGTGGCAAACATTCCttGGTCTCtAAAAGACTGAGGTACAGACAGGCGGGTTCTCGGATGAAAGTATCCTGCCGAAAGGTAATAGCGACAAACTGATCGCGCGCAAGACGTATTGGGACCCGAAAAAATATGGAGGTTTTGATAGCCCGACTGTGGCCTATAGTATTCTGCTGATTGCGGACATTGAAAAGGGTAAAAGTCAGAAATTAAAAACTGTGACAGAACTGCTGGGCATTACAATTATGGAACGCAGTTCCTTCGAAAAAAACCCAATTGCATTTTTGGAATCGAAGGGTTATATCCGTGTCGACTCGCTGCTGATTATTAAACTGCCTAAATATTCCCTGTTTGAACTGGAAAACGGGCGCAAACGCTTACTGGCTTCAGCTGGCGAATTACAGAAGGGCAACGAAATTGCCCTGCCAACCCAATATATGACATTCTTATATTTGGCTTCCCGCTACAATAATCTGAAAAAACCGCCTGAGGACAAGAAGAAAAAGCAGGAGTTCGTGAACCAACACGTAAGCTACTTCAAAGATATTCTGCAATATATTTCCGATTTCTCGAAACGTGTCATTCTGGCAGACGCCAATTTGGAAAAAATCCTGTCTCTGTTCAACAACAAAGAAGACATTTCGATTGATGAACTGGCAAATTCCATCATTAATTTGTTTACCTTTACCAGCCTGGGCGCTCCCGCAGCCTTTAAATTTTTCGACACTGATATCGATCGCAAACGCTATACTAGTACCAAAGAAATCTTGGATTCTACCCTGATTCACCAGTCCATCACAGGATTATATGAAACACGTATTGATCTGAGTCAGTTGGGCGGTGACTAATAAGGAGAGACCAAGTACTGTATGGCTCCGGTTT,64,52,-0.15421128,-0.953995,19.6257,1.64073,0.991029690414559,0.287943841759139,91.6,0.768,0.0136455974411888,0.00724581300095565,0
dgfx_41,2,TGGFSKESILPKGNSDKLIPRKTYWDPKKYGGFDSPIVAYSVLVIAKVGKGKAQKLKTVTELLGITIMERSSFEKNPIAFLEAKGYIRVELDLIIILPKYSLFELENGRKRLLASARELQKGNELALPSQFVNFLYLASRIKSLKKPPEPNKQKQLFVNQHKSEFKEIIEIISEFSKRVILADANLEKVLKLYANHENGPVDEQANSIIHLFTFTALGAPAAFKFFDATIDRKRYTSTTEVLNSTLIHQSITGLYET,AAACACGTGGCAAACATTCCttGGTCTCtAAAAGACTGAGGTACAGACCGGGGGGTTTTCGAAAGAGTCCATTTTGCCCAAAGGCAACTCCGATAAGTTGATTCCGCGCAAAACGTATTGGGATCCAAAAAAATACGGTGGCTTCGATAGCCCGATTGTGGCCTACAGTGTGCTGGTGATCGCGAAAGTTGGCAAAGGCAAAGCCCAGAAACTGAAAACAGTCACCGAACTGTTAGGTATTACCATTATGGAACGTAGCTCATTTGAGAAAAATCCAATTGCATTCCTGGAGGCCAAAGGTTATATTCGCGTGGAACTGGATCTGATCATTATTCTGCCGAAGTACTCGCTGTTCGAACTGGAAAATGGTCGTAAACGTCTGCTGGCGAGTGCCCGCGAGCTGCAGAAAGGGAATGAACTGGCGCTGCCGAGCCAATTTGTTAATTTTCTGTATTTAGCGAGCCGTATTAAATCGCTGAAAAAACCGCCAGAACCTAACAAACAAAAGCAACTGTTTGTTAACCAGCACAAAAGTGAATTCAAGGAAATTATTGAAATTATTTCAGAATTCTCGAAACGCGTTATCTTGGCGGATGCCAATTTAGAAAAAGTTCTGAAACTGTATGCTAACCATGAGAATGGCCCGGTGGATGAACAAGCAAACTCAATTATCCACCTGTTCACGTTCACGGCTCTGGGCGCCCCAGCTGCATTCAAGTTTTTTGATGCCACGATTGATCGCAAACGTTACACCTCAACGACCGAAGTCTTGAACAGCACTCTGATTCACCAGTCCATCACAGGTTTATATGAAACGCGTATTGATCTGAGTCAGTTGGGCGGTGACTAATAAGGAGAGACCAAGTACTGTATGGCTCCGGTTT,54,54,-0.1671772,-0.8842938,24.8031,2.73039,0.979454923607606,0.600332052638978,91.4,0.77,0.0102840655299454,0.00078613547487764,0
dgfx_42,2,TGGFSKESILPHGNSDKLIARKTYWDPKKYGGFDSPTVAYSVLVVAKVGKGKSQKLKTVTEMVGITILERSSYEKNPIAFLEAKGYKRVRKLMIIKLPKYSLFEFENGRRRLLASAGELQKGNELALPTQYVTFLYLASRYNSLGKSPEDNLQKQLFVEQHKSYLKDIIQIISDFSKRVVLADANLEKIKSAYNNHENIPIRELANSIINLFTLTSLGAPAAFKFFDTIVDRKRYTSIKEVLNATLIHQSITGLYET,AAACACGTGGCAAACATTCCttGGTCTCtAAAAGACTGAGGTACAGACGGGTGGCTTCTCGAAAGAGTCTATTCTGCCGCACGGAAACTCAGACAAACTGATTGCACGCAAAACGTATTGGGATCCTAAAAAATATGGCGGCTTTGACTCGCCTACCGTAGCTTATTCCGTCCTGGTGGTCGCAAAAGTTGGTAAAGGTAAATCCCAGAAACTGAAGACCGTTACCGAGATGGTGGGCATTACAATCCTGGAACGTTCCTCTTACGAAAAAAATCCGATCGCCTTTCTGGAAGCCAAAGGCTACAAACGCGTTCGCAAGTTAATGATTATCAAACTGCCGAAATATAGCCTGTTCGAATTCGAAAACGGTCGCCGCCGTCTGTTAGCGAGCGCTGGTGAACTGCAGAAAGGCAACGAACTGGCGCTGCCGACTCAGTATGTTACATTTCTGTATCTGGCAAGCCGCTACAATAGTCTGGGCAAATCCCCGGAAGATAATTTACAGAAACAGCTGTTCGTGGAACAACATAAAAGCTACCTGAAAGATATTATCCAAATCATCAGCGATTTCAGCAAACGCGTAGTTCTGGCAGACGCCAACTTAGAAAAAATCAAAAGCGCATATAACAACCACGAGAACATTCCTATCCGTGAGCTGGCAAATTCCATTATCAATCTGTTCACCCTGACCAGCCTGGGTGCACCCGCTGCTTTCAAGTTTTTTGACACCATTGTGGACCGCAAACGCTACACGTCAATCAAAGAAGTTCTGAACGCAACACTGATTCATCAGTCGATTACGGGGTTGTATGAAACGCGTATTGATCTGAGTCAGTTGGGCGGTGACTAATAAGGAGAGACCAAGTACTGTATGGCTCCGGTTT,53,53,-0.16094708,-0.93876576,16.2017,1.56267,0.976642547528279,0.591039763798757,90.4,0.762,0.0246902599466231,0.00288628000682587,0
dgfx_43,2,KGGFSNESISPKGDSDKLIPRKTYWDPKKYGGFDSPTVAYSVLLIADVGKGKSKKLKTVTELLGITIMEKSSFEKNPSTFLESKGYIRIDSLIIIILPKYSLFELEDGRRRLLASARELQKGNEMALPTQFMTFLYLAQHYNSIGKSLEPEKQDQEFVNQHVSYFDDIIQLISDFSRKVTLADSNLEKILHLYNNNEDIDIDELANSIINLFTFTALGAAAAFKFFDTTIDRKRYTSIKEVLDSTLIHQSITGLYET,AAACACGTGGCAAACATTCCttGGTCTCtAAAAGACTGAGGTACAGAAAGGTGGCTTTTCAAATGAAAGCATTTCGCCGAAAGGTGACTCTGACAAATTAATTCCGCGCAAAACATATTGGGACCCGAAAAAATACGGTGGCTTCGATAGCCCAACGGTGGCTTATAGTGTATTACTGATTGCCGATGTGGGGAAGGGAAAGTCTAAAAAATTAAAGACCGTGACCGAACTGCTGGGTATCACTATCATGGAGAAAAGTTCATTTGAGAAAAACCCGTCTACTTTCTTAGAATCAAAAGGGTATATCCGCATTGATTCCTTAATTATCATCATCCTGCCGAAATACTCTTTATTTGAATTAGAAGACGGTCGTCGCCGCTTGTTAGCGAGCGCGCGCGAGCTGCAGAAAGGAAACGAGATGGCCCTGCCAACCCAATTTATGACGTTTCTGTATCTGGCGCAGCATTACAATTCCATTGGCAAATCTCTGGAACCGGAGAAACAAGATCAGGAATTCGTCAACCAGCATGTTTCCTACTTTGACGATATTATCCAGCTGATTTCGGACTTTTCGCGCAAAGTTACGCTGGCGGATAGCAACCTGGAGAAAATTCTGCACTTATACAATAACAACGAGGATATCGATATCGATGAGCTGGCAAATTCAATCATTAATCTGTTTACCTTTACAGCGTTGGGCGCGGCTGCAGCGTTTAAATTTTTTGATACCACCATTGATCGCAAGCGCTATACCAGCATTAAGGAAGTTTTAGATAGCACACTGATCCATCAGAGTATTACGGGACTGTACGAGACTCGTATTGATCTGAGTCAGTTGGGCGGTGACTAATAAGGAGAGACCAAGTACTGTATGGCTCCGGTTT,80,61,-0.12487888,-1.399504,25.1623,1.85681,0.97235720799892,0.66113083608426,89.6,0.76,0.00788214878627705,0.00448482176228406,0
dgfx_44,2,TGGFSKESILPHGNSDKLIPRKTYWDPKKYGGFDSPTVAYSILVVADVEKGKAQKLKTVKELLGITIMERSTFERDPIAFLESKGYIQERNLIIIILPKYSLFELENGRRRLLASAGELQKGNEMALPSQYVNFLYLASHYNSLKGSEEDNKQKQEFVNQHVSEFKDIIQLISDFAERVILADANLEKILKLYNNKEGKDVDELANSIIHLFTFTALGAPAAFKFFDTTIDRKRYTSTTEVLNATFIHQSITGLYET,AAACACGTGGCAAACATTCCttGGTCTCtAAAAGACTGAGGTACAGACTGGTGGCTTTTCGAAGGAAAGCATCCTGCCCCACGGCAATAGCGACAAATTGATTCCGCGTAAAACCTATTGGGATCCTAAAAAATATGGCGGGTTTGATAGTCCGACGGTTGCGTATTCCATCCTGGTGGTGGCAGACGTGGAAAAAGGCAAGGCGCAGAAACTGAAAACTGTCAAAGAACTGTTGGGCATTACTATTATGGAACGCTCAACCTTCGAACGCGACCCGATCGCATTCTTAGAGAGTAAAGGATACATCCAGGAACGTAATCTGATTATCATTATTCTGCCTAAATATAGCTTGTTTGAGTTAGAGAACGGCCGCCGCCGCTTGCTGGCGTCTGCGGGGGAACTGCAGAAGGGAAATGAAATGGCGCTGCCGTCACAGTATGTGAATTTTCTGTATCTGGCATCCCATTATAATTCCCTGAAGGGTTCCGAAGAAGATAACAAACAGAAACAGGAGTTTGTGAATCAACATGTGAGCGAGTTCAAAGACATCATCCAATTAATTAGTGACTTCGCAGAGCGTGTGATTTTAGCAGATGCGAATTTGGAAAAAATCCTGAAATTGTATAATAACAAAGAAGGCAAAGATGTGGATGAACTGGCCAATTCTATCATCCACTTATTCACATTCACTGCGTTAGGAGCCCCGGCGGCGTTTAAGTTCTTTGATACAACGATTGACCGTAAACGCTATACCTCGACTACCGAAGTTTTAAACGCGACCTTTATCCATCAGTCGATTACCGGCCTGTACGAAACCCGTATTGATCTGAGTCAGTTGGGCGGTGACTAATAAGGAGAGACCAAGTACTGTATGGCTCCGGTTT,64,57,-0.15991521,-1.630338,14.7654,2.5027,0.983966301474937,0.478310373299523,90.4,0.76,0.00791294154824598,0.00459408623945602,0
dgfx_45,2,TGGFSKESILPHGNSDKLIARKTYWDPRKYGGFDSPIVAYSVLVVADVEKGKSQKLKTVKELLGITIMERSSFEKNPIAFLESKGYKQVRNLMIIILPKYSLFELENGRKRLLASAGELQKGNPMALPSHYMNFLYLASHYNSLKGSPEDEKQKQEFVNQHKSELKDIIQLISDFSKRVILADANLEKILELYDNKENEPIDELANSIIHLFTFTNLGAPAAFKFFDTIIDRKRYTSVKEVLDSTFLHQSITGLYET,AAACACGTGGCAAACATTCCttGGTCTCtAAAAGACTGAGGTACAGACAGGCGGTTTTTCGAAAGAGAGCATTCTGCCACACGGCAACAGCGATAAACTGATCGCACGTAAAACCTACTGGGACCCTCGTAAATATGGCGGTTTCGATTCACCAATTGTAGCGTATTCTGTTCTGGTTGTGGCTGATGTGGAGAAAGGCAAGAGCCAGAAGTTAAAAACCGTTAAAGAACTGCTGGGAATCACCATCATGGAACGTTCTAGCTTCGAAAAAAACCCAATCGCCTTCCTGGAAAGTAAAGGCTATAAACAGGTTCGCAACCTGATGATTATTATCCTGCCTAAGTACAGCTTGTTTGAACTGGAAAATGGCCGTAAGCGTCTGCTGGCATCCGCAGGCGAGCTGCAGAAAGGTAATCCGATGGCCTTGCCCAGTCACTACATGAATTTTTTATACTTGGCCTCTCATTACAACTCGCTGAAAGGTTCTCCGGAGGATGAGAAGCAAAAACAGGAGTTTGTTAACCAGCATAAATCCGAGCTGAAAGATATTATTCAGCTGATCTCTGATTTTTCTAAACGTGTGATCCTGGCAGACGCAAATTTAGAAAAAATTCTGGAACTGTATGATAATAAAGAAAATGAGCCGATTGATGAGCTGGCGAACTCTATCATCCACTTGTTCACCTTCACGAACCTGGGCGCGCCAGCGGCATTTAAATTTTTTGATACGATTATTGATCGTAAACGTTATACCTCGGTGAAAGAAGTCCTGGATTCCACCTTTTTGCACCAGAGTATTACTGGCTTGTACGAGACACGTATTGATCTGAGTCAGTTGGGCGGTGACTAATAAGGAGAGACCAAGTACTGTATGGCTCCGGTTT,56,55,-0.15447426,-1.3622462,5.01404,1.49933,0.985018087922037,0.39266187480197,91.5,0.76,0.00868429775292918,0.00243534649598524,0
dgfx_46,2,TGGFSKESISPKGNSDKLIARKKDWDPKKYGGFDSPTVAYSVLVVAIVEKGKAKKLKSVKELVGITIMERSSFEKNPIAFLEAKGYIEVDKDLIIKLPKYSLFELENGRRRLLASAGELQKGNELALPSKYVTFLYLAQRYNNLKGSPEDNHQKQLFVNQHRSYLKDIIQLISEFSKRVTLADSNLEKILSLYNNHEDKDIREQANNIIHLFTFTSLGAPAAFKYFDKTIDRKRYTSTKEVTDATLIHQSITGLYET,AAACACGTGGCAAACATTCCttGGTCTCtAAAAGACTGAGGTACAGACAGGTGGTTTTAGTAAAGAAAGCATTTCGCCAAAAGGTAATTCGGATAAATTGATTGCCCGTAAAAAAGACTGGGATCCAAAAAAATACGGAGGGTTTGATTCCCCGACCGTGGCCTACAGCGTACTGGTAGTGGCGATCGTAGAAAAAGGAAAAGCCAAAAAACTGAAGAGCGTTAAAGAACTGGTGGGTATCACCATTATGGAACGTAGCTCATTCGAAAAAAATCCCATTGCATTTCTGGAAGCCAAGGGTTATATTGAAGTTGATAAAGATTTGATCATCAAGCTGCCGAAATACAGCCTGTTTGAACTGGAGAACGGTCGCCGCCGCTTATTAGCGTCCGCCGGTGAGCTGCAAAAGGGGAATGAACTGGCACTGCCGTCTAAATACGTTACTTTCCTGTACCTGGCCCAGCGTTACAACAACCTGAAAGGCTCTCCGGAGGATAACCATCAGAAACAGCTGTTCGTCAACCAACACCGCAGTTATTTGAAAGATATTATTCAACTGATCAGCGAATTTTCCAAACGCGTAACACTGGCGGACAGCAACCTGGAGAAAATCTTGTCACTGTACAACAACCACGAGGATAAGGATATTCGCGAGCAGGCGAATAATATTATCCATTTATTTACCTTTACAAGTCTGGGCGCACCCGCAGCGTTTAAATATTTCGACAAAACTATTGACCGTAAACGTTATACTTCGACTAAAGAAGTCACTGACGCCACGTTGATCCATCAGTCTATTACCGGGTTGTACGAGACTCGTATTGATCTGAGTCAGTTGGGCGGTGACTAATAAGGAGAGACCAAGTACTGTATGGCTCCGGTTT,36,36,-0.18850017,-1.3540845,8.31939,1.9163,0.987485316540514,0.344190134352674,91.5,0.764,0.123255119131553,0.00921301939432483,1
dgfx_47,2,TGGFSKESILPHGNSDKLIPRKTYWDPKKYGGFDSPIVAYSVLVIADVEKGKSKKLKTVKEMLGITIMERSSFEKNPIAFLESRGYIQERSLIIIILPKYSLYELENGRRRLLASAGELQKGNEMALPTQYTTFLYHAQHYNKLHKSPEDEKQKQEFVNQHVHEFKDIIQIISDFSKRVILADANLEKVLKLYNNNENKDVDEQANSIIHLFTLTAIGAAAAFKYFDTIIDRKRYTSVKEVLNSTLIHQSIAGLYET,AAACACGTGGCAAACATTCCttGGTCTCtAAAAGACTGAGGTACAGACTGGCGGTTTTTCAAAAGAAAGTATCCTGCCACATGGCAACAGCGACAAACTGATTCCGCGTAAAACCTATTGGGATCCGAAAAAATACGGAGGTTTTGATAGTCCGATCGTGGCTTACTCCGTGCTGGTTATCGCAGACGTCGAAAAAGGTAAATCCAAAAAATTAAAGACTGTGAAAGAAATGCTGGGGATCACGATCATGGAACGCTCTAGCTTTGAAAAGAACCCGATCGCGTTCCTGGAGAGCCGCGGGTATATCCAGGAGCGCAGCCTGATTATTATCATTCTGCCGAAATACAGCCTGTATGAGTTGGAGAACGGCCGCCGTCGCCTGCTGGCGAGTGCTGGGGAACTGCAGAAAGGTAACGAAATGGCCTTACCGACCCAATACACGACGTTTCTGTATCATGCTCAGCATTACAACAAATTGCACAAGTCGCCTGAAGATGAGAAACAAAAACAGGAATTCGTGAATCAGCACGTCCACGAGTTTAAAGATATTATTCAGATTATTAGTGATTTCTCCAAGCGCGTTATTTTGGCCGACGCCAATCTGGAAAAAGTCCTGAAACTGTACAACAATAACGAGAACAAAGATGTGGATGAACAAGCCAATAGCATTATCCATCTGTTTACGCTGACTGCAATTGGCGCGGCGGCCGCGTTCAAGTACTTCGACACGATTATTGACCGTAAACGTTACACAAGCGTTAAGGAAGTGTTAAACTCCACCTTAATCCATCAATCAATTGCCGGGCTGTATGAGACACGTATTGATCTGAGTCAGTTGGGCGGTGACTAATAAGGAGAGACCAAGTACTGTATGGCTCCGGTTT,66,64,-0.13924646,-1.7641288,22.2088,1.60411,0.976661800957357,0.578551997701145,90.3,0.761,0.00737229843262663,0.00689660130441356,0
dgfx_48,2,TGGFSKESILAKRNSDKLIARKTDWDPKKYGGFDSPIVAYSVLVVAKVEKGKSQKLKSVTELLGISIMERSSFEKNPIDFLESKGYKEVRKDMIIKLPKYSLFELENGRKRLLASAGELQKGNELALPSQFVTFLYLASHYNKLKGPPEDEHQKQEYVNQHKSYLKDIIEYISEFSKRVILADANLEKVLELYNNKENGSIDELANSFINLFTLTNLGAPAAFKFFDTIIKRKRYTSTTEVLDATLIHESITGLYET,AAACACGTGGCAAACATTCCttGGTCTCtAAAAGACTGAGGTACAGACCGGTGGATTCTCCAAAGAATCGATTCTGGCGAAACGTAACAGCGATAAGTTGATTGCCCGTAAAACCGATTGGGATCCGAAAAAGTATGGTGGCTTCGATAGCCCGATTGTTGCATATTCTGTGCTGGTGGTGGCCAAAGTGGAAAAAGGCAAAAGCCAGAAACTGAAATCTGTGACCGAACTGTTAGGGATCAGCATCATGGAACGTAGCTCTTTCGAAAAAAATCCGATTGATTTCCTGGAATCCAAAGGCTACAAAGAAGTTCGTAAGGATATGATTATCAAACTGCCGAAATACAGCCTGTTCGAGCTGGAAAATGGACGCAAACGCCTGCTGGCGTCGGCTGGCGAACTGCAGAAAGGCAATGAATTGGCTTTGCCTAGTCAGTTCGTTACGTTTTTGTACTTAGCTAGTCACTATAATAAACTGAAAGGCCCCCCCGAGGATGAACACCAGAAACAGGAGTACGTAAATCAACACAAATCATATCTGAAAGACATCATTGAATACATTTCGGAATTTTCAAAGCGCGTTATTCTGGCAGATGCTAATCTGGAAAAAGTTCTGGAACTGTATAACAATAAGGAGAACGGGTCGATTGATGAGCTGGCGAACTCGTTTATCAATCTGTTTACCTTGACAAACCTGGGTGCACCAGCAGCGTTCAAATTTTTCGACACCATCATCAAGCGCAAGCGTTATACATCAACTACCGAAGTGTTGGACGCGACACTGATTCACGAATCAATTACCGGTCTGTATGAGACTCGTATTGATCTGAGTCAGTTGGGCGGTGACTAATAAGGAGAGACCAAGTACTGTATGGCTCCGGTTT,44,43,-0.1646719,-0.9384509,17.7561,0.35521,0.986609840088817,0.36394044318859,91.4,0.771,0.0449420518331754,0.00918200588204007,0
dgfx_49,2,TGGFSKESILPHRNSDKLIARKTYWDPKKYGGFDSPIVAYSVLLIADIEKGKSKKLKTVKELLGITIMERSNFERNPVAFLESKGYIRTDNDIIIILPKYSLFELENGRRRLLASAGELQKGNELALPTKLMTFLYLASHYNNLKKSPEIEKLKQEFVNQHKHYFKEILQYISEFSKRVILADANLEKINSLYANKENKDVKELANNIINLFTFTSLGAPAAFKYFDTTIDRKRYTSTKEVLNATLIHQSITGLYET,AAACACGTGGCAAACATTCCttGGTCTCtAAAAGACTGAGGTACAGACTGGAGGTTTTAGTAAAGAATCCATTCTGCCGCACCGTAACTCTGATAAATTAATCGCGCGTAAAACGTATTGGGATCCGAAGAAATACGGCGGATTCGATTCGCCGATTGTCGCCTATTCCGTTCTGCTGATCGCGGACATCGAAAAGGGCAAATCGAAAAAGCTGAAGACGGTAAAAGAGCTGTTGGGAATCACCATTATGGAACGCTCCAATTTTGAACGCAACCCGGTTGCCTTCCTGGAGAGCAAGGGGTATATCCGCACCGATAACGACATTATTATTATTCTGCCAAAATACTCGCTGTTCGAGCTGGAGAACGGCCGTCGTCGCTTGTTAGCTTCTGCCGGTGAGCTGCAGAAAGGCAACGAACTGGCATTGCCGACCAAACTGATGACCTTCCTGTACTTGGCTAGTCACTACAACAATCTGAAAAAAAGCCCGGAAATTGAAAAACTGAAGCAAGAATTCGTCAATCAGCATAAACATTATTTTAAGGAAATCTTGCAATATATCTCCGAATTTAGCAAACGCGTAATCCTGGCCGACGCTAACCTGGAGAAGATTAACAGTTTATATGCCAACAAAGAGAACAAAGATGTGAAAGAATTGGCGAACAATATCATCAATCTGTTCACGTTTACCTCTCTGGGCGCGCCCGCGGCGTTCAAATACTTCGACACGACCATTGATCGCAAACGCTATACGAGCACTAAAGAAGTTCTGAATGCAACCCTGATTCATCAATCAATCACGGGGCTGTATGAAACGCGTATTGATCTGAGTCAGTTGGGCGGTGACTAATAAGGAGAGACCAAGTACTGTATGGCTCCGGTTT,59,52,-0.1753428,-1.3567462,13.1493,0.0178100000000001,0.989672729080913,0.315285036629705,90.2,0.76,0.0457297071029115,0.00595946443541257,0
dgfx_50,2,TGGFSKESPLPKRNSDKLIARKTYWDPKKYGGFDSPIVAYSILVIADIEKGKSKKLKTVTELVGITIMERSNFERNPIAFLEAKGYIEVDNLIIIKLPKYSLFELENGRRRLLASAGELQKGNELALPTQYVTLLYLASHYNALGGPEEDEKQKQEFVNKHKSELKDIIQYISEFSKRVILADSNLEKILELYANHENKDVREQANSIVNLFTFTNLGAPAAFKFFDTTIDRKRYTSTKEVLDATLIHQSITGLYET,AAACACGTGGCAAACATTCCttGGTCTCtAAAAGACTGAGGTACAGACCGGCGGGTTCAGTAAAGAATCCCCGTTGCCGAAGCGCAACTCAGATAAACTGATTGCGCGTAAAACCTATTGGGATCCTAAAAAATACGGCGGGTTTGATAGTCCAATCGTCGCGTACTCGATCCTGGTAATCGCTGACATCGAAAAAGGGAAAAGCAAAAAACTGAAAACAGTGACGGAACTGGTTGGCATTACCATCATGGAACGTTCAAACTTCGAACGCAACCCGATCGCGTTTTTGGAAGCGAAGGGTTATATCGAGGTTGATAATTTGATTATTATTAAACTGCCAAAGTATTCCCTGTTCGAGCTGGAAAACGGTCGCCGCCGTTTGCTGGCGTCCGCAGGCGAGCTGCAGAAAGGTAACGAACTGGCGCTGCCAACTCAATATGTCACCCTGCTGTACCTGGCCAGTCACTACAATGCTTTAGGTGGGCCCGAAGAGGATGAAAAACAGAAACAAGAATTCGTGAACAAACATAAGAGTGAGTTGAAAGATATTATTCAATACATCAGCGAGTTTTCCAAACGCGTTATTCTGGCAGACTCTAACCTGGAGAAAATTTTGGAATTATATGCAAATCATGAAAACAAAGACGTACGCGAGCAAGCTAACTCGATTGTCAACCTGTTTACTTTCACTAATCTGGGCGCCCCCGCCGCGTTTAAATTTTTTGATACTACAATCGACCGCAAGCGCTACACCAGTACAAAAGAGGTACTGGATGCCACACTGATCCACCAATCAATCACTGGCCTGTATGAAACCCGTATTGATCTGAGTCAGTTGGGCGGTGACTAATAAGGAGAGACCAAGTACTGTATGGCTCCGGTTT,58,58,-0.16180444,-1.8215661,17.4223,-0.220279,0.98730347279983,0.350152981589597,89.4,0.753,0.0423327045056662,0.00803300449015014,0
dgfx_51,2,TGGFSKESILPKGNSDKLIARKTYWDPKKYGGFDSPIVAYSILLVAKVEKGKSKKLKTVKELLGITIMERSSFEKNPIAFLENKGYIRIDKDLIIILPKYSLFELENGRRRLLAGAGELQKGNEMALPSKFVTLLYLASRYNLLKGSPEDNKQKQLFVNQHRHELKDIIEMISEFSKRVILADANLDKVLSAYANKEDKDIKEQAKSIIHLFTFTNLGAPATFKFFDTTVGRNRYTSITEVLNSTFIHQSITGLYET,AAACACGTGGCAAACATTCCttGGTCTCtAAAAGACTGAGGTACAGACCGGTGGCTTCTCCAAAGAAAGCATTCTGCCAAAGGGGAATAGCGATAAGTTGATTGCTCGTAAAACGTACTGGGATCCGAAAAAATACGGGGGCTTCGACAGCCCGATCGTCGCTTACAGTATTCTGCTGGTTGCAAAGGTCGAAAAAGGTAAATCTAAAAAGCTGAAAACTGTTAAAGAACTGCTGGGCATCACTATTATGGAGCGCAGTAGCTTTGAAAAGAACCCGATCGCATTCCTGGAAAATAAAGGTTATATTCGCATCGATAAAGATCTGATTATTATCCTGCCAAAATACAGCCTGTTCGAATTGGAAAACGGACGCCGCCGCTTATTGGCCGGGGCCGGCGAACTGCAGAAGGGCAATGAAATGGCCTTACCAAGCAAATTTGTGACCTTATTGTACCTGGCAAGCCGCTACAATTTATTGAAAGGCAGCCCAGAAGATAACAAACAAAAACAGCTGTTTGTTAACCAGCATCGTCATGAACTGAAAGACATCATCGAAATGATTAGCGAGTTCTCGAAACGCGTTATCCTGGCGGACGCGAATCTGGATAAAGTTCTGTCGGCGTATGCTAACAAAGAGGATAAAGACATTAAAGAGCAAGCCAAGTCTATCATCCATTTGTTTACATTCACGAACCTGGGCGCGCCTGCTACTTTCAAATTTTTTGATACGACCGTGGGCCGTAACCGCTACACCAGTATCACTGAAGTCCTGAACAGCACATTCATCCATCAGAGTATTACGGGGCTGTATGAAACTCGTATTGATCTGAGTCAGTTGGGCGGTGACTAATAAGGAGAGACCAAGTACTGTATGGCTCCGGTTT,50,48,-0.15636706,-1.7323709,15.8458,2.41549,0.9874407823399,0.343605807638127,91.5,0.763,0.00588238725837145,0.000660994911920784,0
dgfx_52,2,TGGFSKESISPKGNSDKLIPRKTYWDPKKYGGFDSPIVAYSVLVIAKIEKGKSKKLKSVKELVGITIMEKSSFERDPIVFLEAKGYIRVDNLLIIKLPKRSKFELENGRRRLLASAGELQKGNEIALPTQYMTLLYLASHYKNLKGPEEDNKQKYLFVNQHRSYFKEIIQVISDFSEKVVLADSNLDKIKSLYAKKEDHDIRELANSIIHLFTFTALGAPATFEFFDKTIDRKRYTSTKEVLDSTLIHQSITGLYET,AAACACGTGGCAAACATTCCttGGTCTCtAAAAGACTGAGGTACAGACCGGTGGTTTCAGTAAAGAATCTATTTCACCTAAAGGTAACAGCGATAAATTAATCCCACGCAAAACTTATTGGGATCCGAAAAAATATGGTGGTTTTGACTCGCCCATCGTAGCCTATTCAGTGCTGGTCATCGCCAAAATTGAAAAAGGCAAATCCAAGAAGTTAAAAAGCGTGAAAGAACTGGTGGGCATCACGATTATGGAAAAAAGCAGTTTCGAACGTGATCCGATCGTATTCCTGGAGGCCAAAGGATATATTCGTGTGGATAACCTGCTGATCATTAAATTACCGAAACGTTCGAAATTTGAACTGGAGAACGGTCGCCGTCGTTTGCTGGCAAGCGCAGGCGAATTGCAGAAAGGCAACGAGATTGCGCTGCCTACCCAGTATATGACCCTGCTGTATCTGGCGAGTCACTATAAAAACTTAAAAGGTCCAGAAGAGGATAATAAACAAAAATACCTGTTCGTTAACCAGCATCGTAGCTACTTCAAAGAAATTATTCAAGTGATCTCTGACTTCTCGGAGAAAGTTGTGCTGGCCGATAGTAACCTGGACAAAATCAAATCGTTGTACGCAAAAAAAGAAGACCATGACATCCGCGAACTGGCAAACAGCATCATTCATCTGTTTACATTTACTGCCTTGGGAGCCCCCGCGACCTTTGAGTTCTTCGACAAAACAATTGATCGTAAACGCTATACCTCGACAAAAGAGGTTTTGGATAGCACCTTAATTCACCAGTCTATCACGGGTTTGTATGAAACCCGTATTGATCTGAGTCAGTTGGGCGGTGACTAATAAGGAGAGACCAAGTACTGTATGGCTCCGGTTT,64,63,-0.13668704,-1.8309205,13.708,0.14462,0.988997518855493,0.31732186725074,90.5,0.762,0.00890313277166032,0.00132961029818092,0
dgfx_53,2,TGGFSKESILPKGNSDKLIPRKTYWDPKKYGGFDSPTVAYSVFVVADVEKGKAQKLKTVTELVGITIMERSSFEKDPIAFLENKGYKRIRKDIIIKLPKYSLFELENGRRRLLASAGELQKGNELALPTQLMTFLYLAQHYNSLGGPPEPNKKKQEFVNQHVSYFKDILQLISEFSKRVILADANLEKILSLYNNHENKDVDEQANSFINLFTFTALGAPAAFKFFDTIIDRKRYTTTKEVLNSTLIHQSITGLYET,AAACACGTGGCAAACATTCCttGGTCTCtAAAAGACTGAGGTACAGACAGGTGGCTTCAGTAAAGAATCTATCCTGCCTAAAGGCAATAGTGATAAGCTGATTCCGCGTAAAACGTATTGGGATCCCAAAAAATATGGCGGGTTCGACAGCCCTACGGTGGCCTATAGCGTTTTCGTCGTGGCCGACGTCGAAAAAGGCAAAGCCCAGAAATTAAAGACAGTGACCGAACTGGTTGGGATCACGATCATGGAGCGCAGCAGCTTTGAAAAAGATCCGATTGCGTTCCTGGAGAATAAAGGTTATAAACGTATCCGTAAAGATATTATTATTAAATTGCCAAAATACTCTCTGTTTGAACTGGAAAACGGCCGCCGTCGTCTGCTGGCGAGCGCAGGCGAACTGCAGAAAGGTAACGAACTGGCCTTACCGACCCAATTAATGACCTTCTTATACTTGGCGCAGCACTATAACAGTCTGGGTGGTCCCCCCGAACCGAACAAAAAGAAGCAAGAATTTGTGAACCAGCATGTTAGCTATTTTAAAGATATTCTGCAGCTGATCTCCGAATTTAGTAAACGCGTGATTTTGGCAGACGCGAACTTAGAGAAAATCTTATCTCTGTATAATAACCATGAGAATAAAGACGTTGATGAACAGGCTAATTCCTTCATTAACCTGTTTACATTTACGGCATTAGGCGCGCCCGCCGCATTTAAATTTTTTGACACTATTATCGACCGCAAACGTTATACCACCACCAAAGAGGTTCTGAACTCAACATTAATCCATCAAAGCATCACCGGATTGTATGAAACCCGTATTGATCTGAGTCAGTTGGGCGGTGACTAATAAGGAGAGACCAAGTACTGTATGGCTCCGGTTT,63,52,-0.17689943,-0.5825782,16.6111,1.39368,0.977541394981674,0.60097491954537,91.5,0.769,0.228216701497085,0.0125706357924849,1
dgfx_54,2,TGGFSKESILPKGNSDKLIARKTDWDPKKYGGFDSPIVAYSVLVIAKVEKGKSKKLKTVKELLGITIMERSSFEKNPIAFLEAKGYIRVDKLLIIKLPKYSLFELENGSRRLLASAGELQKGNELALPSKYVTFLYHASHIKKLKGSPEDNEQKYEFVNQHKHYLKDIIQYISEFSKRVILADANLEKVLHLYNNNRNKSIRELANSIINLFTFTNLGAPAAFKFFDKTIDRKRYTSTKEVLNATLIHQSITGLYET,AAACACGTGGCAAACATTCCttGGTCTCtAAAAGACTGAGGTACAGACAGGGGGCTTTTCGAAAGAATCGATCTTGCCGAAAGGCAATAGTGATAAGTTGATCGCGCGTAAAACCGACTGGGACCCCAAGAAATACGGCGGTTTTGACTCACCGATCGTCGCATACAGTGTCTTGGTCATCGCGAAAGTGGAAAAAGGCAAATCCAAAAAACTGAAGACTGTGAAGGAGCTGCTGGGTATTACCATTATGGAACGTAGTTCATTTGAGAAAAACCCGATTGCCTTCTTAGAGGCGAAAGGGTATATTCGCGTTGATAAGCTGCTGATCATCAAACTGCCCAAATATAGCCTGTTCGAGCTGGAAAACGGCTCACGCCGTCTGCTGGCGAGCGCGGGGGAACTGCAAAAAGGCAATGAATTGGCTTTACCGTCAAAATATGTTACTTTCCTGTACCACGCATCGCACATTAAAAAACTGAAGGGTTCCCCAGAAGATAACGAACAGAAATACGAATTTGTGAATCAGCACAAACATTACCTGAAAGACATTATCCAATACATTTCGGAATTCTCGAAGCGTGTGATCCTGGCCGATGCTAACCTGGAAAAGGTTCTGCATCTGTATAACAATAACCGCAACAAATCGATTCGCGAATTGGCGAACTCAATCATCAATCTGTTCACGTTCACCAACTTGGGCGCTCCGGCCGCCTTCAAATTCTTCGATAAGACAATCGATCGTAAACGTTACACGAGCACAAAAGAGGTGCTGAACGCGACCCTGATTCATCAATCTATCACCGGCTTGTATGAAACACGTATTGATCTGAGTCAGTTGGGCGGTGACTAATAAGGAGAGACCAAGTACTGTATGGCTCCGGTTT,39,39,-0.19924402,-1.7172406,9.62874,1.42395,0.990766497053934,0.290593951568707,90.3,0.759,0.153913160902467,0.00835407178053155,1
dgfx_55,2,TGGFSKESILPHGNSDKLIARKTDWDPKKYGGFDSPIVAYSVLVIAKVEKGKSKKLKTVKELLGITIMERSSFEKNPIDFLEAKGYIRVDKDLIIKLPKYSLYELENGRRRLLASAGELQKGNELALPTKYVNFLYLASHINNLKKSPEDKKQKQEFVEQHKHYLDEIIEYISEFSERVILADSNLEKVLELYNNHEDKPIRELANSIIHLFTFTALGAPAAFKFFDKTIDRKRYTSTKEVLDATLIHQSITGLYET,AAACACGTGGCAAACATTCCttGGTCTCtAAAAGACTGAGGTACAGACGGGCGGCTTTTCGAAAGAAAGCATCCTGCCGCACGGCAACAGTGATAAACTGATTGCGCGCAAAACCGACTGGGATCCGAAAAAATACGGTGGTTTTGATAGCCCCATTGTAGCGTATAGTGTACTGGTGATTGCGAAAGTAGAAAAAGGTAAATCTAAAAAATTGAAAACGGTGAAGGAACTGCTGGGCATCACGATTATGGAGCGTTCTTCCTTTGAAAAAAACCCGATCGATTTCTTAGAAGCGAAAGGGTATATTCGTGTCGACAAAGACCTGATTATTAAACTGCCAAAGTACAGCCTGTATGAATTAGAAAATGGTCGTCGCCGCTTGCTGGCAAGCGCTGGCGAACTGCAAAAAGGTAATGAACTGGCTCTGCCGACCAAATATGTTAATTTTTTATACTTAGCCTCCCATATCAACAACTTAAAAAAGTCGCCCGAAGATAAAAAACAAAAGCAGGAATTTGTTGAACAGCATAAGCACTATCTGGATGAAATCATTGAATACATTTCAGAATTTAGCGAACGTGTGATTTTAGCGGATTCCAATCTGGAAAAGGTCCTGGAGTTGTACAACAACCACGAGGATAAGCCAATCCGCGAGCTGGCCAATTCGATTATTCATCTGTTCACTTTTACTGCCCTGGGCGCCCCGGCGGCCTTCAAATTCTTTGATAAAACCATTGATCGCAAACGCTATACGAGCACGAAGGAAGTCCTGGATGCTACACTGATCCATCAATCGATTACCGGACTGTATGAAACGCGTATTGATCTGAGTCAGTTGGGCGGTGACTAATAAGGAGAGACCAAGTACTGTATGGCTCCGGTTT,35,35,-0.19589925,-1.5210983,10.5124,1.34575,0.993717554380263,0.23815276462512,91.2,0.77,0.0972143174564216,0.00502897955857869,1
dgfx_56,2,TGGFSKESILPKRNSDKLIARKTDWDPKKYGGFDSPTVAYSVLLVAKVEKGKSKKLKSVKELVGITIMERSSFEKNPIAFLEAKGYYEVDKLLIIKLPKYSLFELENGRRRLLASAGELQKGNELALPSKYVNFLYLASHYEKLGGSPEDNEQKYLFVEQHKHYFDEIIEQISEFSKRVILADANLEKILSLYANHRDKSIRELANSIIHLFTFTNLGAPAAFKFFDTIIKRNRYTSTKEVLNATLIHQSITGLYET,AAACACGTGGCAAACATTCCttGGTCTCtAAAAGACTGAGGTACAGACTGGTGGGTTCTCCAAGGAAAGTATCCTGCCCAAACGCAATTCGGATAAATTAATTGCTCGCAAAACCGATTGGGATCCGAAAAAGTACGGCGGCTTTGATTCCCCAACCGTAGCATATAGCGTGCTGCTGGTGGCCAAGGTTGAAAAAGGTAAATCCAAAAAGTTGAAATCAGTGAAAGAACTGGTTGGTATTACCATTATGGAACGCAGCTCGTTTGAGAAAAACCCTATTGCCTTTCTGGAAGCCAAAGGGTACTACGAGGTCGACAAACTGCTGATCATCAAACTGCCGAAATACTCGTTATTTGAATTAGAAAATGGTCGCCGTCGTCTGTTGGCAAGTGCCGGTGAACTGCAGAAAGGCAACGAACTGGCGTTGCCGAGCAAGTATGTAAACTTTCTGTATCTGGCCTCTCACTATGAGAAACTGGGTGGGTCCCCGGAGGATAACGAACAGAAATATTTATTTGTCGAACAGCATAAACATTATTTTGACGAAATCATTGAACAAATTTCTGAATTCTCAAAGCGCGTGATTCTGGCGGATGCGAACTTAGAAAAAATTCTGTCACTGTATGCCAATCACCGCGACAAATCGATTCGCGAATTGGCTAACTCCATTATCCACCTGTTTACCTTCACCAATCTGGGTGCGCCAGCGGCGTTTAAATTCTTCGACACCATCATCAAACGCAATCGTTACACCAGCACCAAAGAAGTCCTGAATGCGACCTTGATTCATCAAAGCATCACCGGCCTGTATGAAACCCGTATTGATCTGAGTCAGTTGGGCGGTGACTAATAAGGAGAGACCAAGTACTGTATGGCTCCGGTTT,27,27,-0.21038699,-2.1001709,1.71959,-0.234666,0.994535671388364,0.220601422339481,91.1,0.762,0.839952184329708,0.0403851309935526,3
dgfx_58,2,TGGFSKESILPHGNSDKLIPRKKDWDPKKYGGFDSPTVAYSVLVVAKVEKGKAKKLKSVTELVGITIMERSSFEKDPVDFLEAKGYKRVRKLIIIKLPKYSLFELENGRKRLLASAGELQKGNELALPSHLVTFLYLASHYNNLKKSPEDNEQKQLFVEQHKSYLKEILEYISEFSKRVILADSNLEKILELYNNNEDKDIRELANSIINLFTFTSLGAPAAFKFFDKTIDRKRYTSTKEVLNATLIHQSITGLYET,AAACACGTGGCAAACATTCCttGGTCTCtAAAAGACTGAGGTACAGACGGGTGGATTCAGCAAAGAGTCGATTTTACCTCATGGGAATTCTGATAAATTGATCCCGCGTAAAAAAGACTGGGATCCTAAAAAATATGGCGGATTTGATTCTCCGACAGTCGCTTATTCTGTCCTGGTAGTTGCGAAAGTGGAAAAGGGAAAAGCGAAGAAGCTGAAGTCGGTGACTGAGTTAGTCGGTATCACCATTATGGAACGTAGTAGCTTTGAAAAGGACCCCGTAGACTTTCTGGAAGCTAAAGGCTATAAACGTGTGCGCAAACTGATCATTATCAAGCTGCCGAAATACAGCTTGTTTGAACTGGAAAATGGCCGCAAGCGCTTATTAGCCAGCGCCGGCGAACTGCAGAAAGGCAACGAACTGGCATTACCTAGCCACCTGGTTACCTTTTTATATCTGGCTTCGCATTATAATAACCTGAAAAAGAGCCCGGAAGATAACGAACAGAAACAATTATTTGTCGAGCAGCACAAAAGCTATCTGAAAGAAATTTTGGAATACATCTCCGAATTTTCTAAACGCGTGATCTTAGCGGATAGTAATCTGGAAAAAATTCTGGAATTATATAATAATAACGAAGACAAAGACATTCGTGAACTGGCCAACTCCATCATTAATTTATTTACGTTCACCTCCCTGGGTGCCCCTGCCGCCTTCAAATTTTTTGACAAGACTATCGATCGTAAACGCTACACGAGCACAAAGGAAGTGCTGAACGCAACGCTGATTCATCAAAGCATTACGGGTCTGTACGAAACTCGTATTGATCTGAGTCAGTTGGGCGGTGACTAATAAGGAGAGACCAAGTACTGTATGGCTCCGGTTT,41,38,-0.2014277,-1.3479459,9.30448,1.45526,0.993612175906534,0.238803533163886,92.1,0.771,0.523105949884618,0.0176419399238178,2
dgfx_59,2,TGGFSKESILPKGNSDKLIPRKTYWDPKKYGGFDSPIVAYSVLVVADVEKGKSQKLKTVKELLGITIMERSAFEKNPIAFLEAKGYKRVRKDLIIKLPKYSLFELENGRRRLLASAGELQKGNELALPSQYMTFLYLASHYKNIKGSPEDNHQKQLFVEQHKHYFKDIIEMISEFSKRVILADANLEKILSLYNNHEDKDIRELAENIVNLFTFTSLGAPAAFKFFDKTIDRKRYTSTKEVLDATLIHQSITGLYET,AAACACGTGGCAAACATTCCttGGTCTCtAAAAGACTGAGGTACAGACCGGTGGCTTCAGTAAAGAGAGCATCCTGCCAAAAGGAAATTCAGATAAACTGATTCCACGCAAAACGTACTGGGATCCAAAGAAGTATGGGGGTTTTGACTCACCTATTGTGGCTTATTCTGTTCTGGTTGTGGCCGACGTGGAGAAAGGTAAATCGCAAAAATTAAAAACGGTAAAAGAACTGCTGGGGATCACAATCATGGAGCGTTCAGCGTTTGAAAAGAACCCGATTGCCTTTCTGGAAGCGAAAGGCTATAAACGCGTACGTAAAGATCTGATTATTAAACTGCCTAAATATAGTCTGTTTGAACTGGAAAACGGTCGTCGCCGCTTGCTGGCGTCTGCCGGCGAATTACAAAAGGGAAATGAGCTGGCCTTGCCGAGTCAGTATATGACTTTCTTGTATTTGGCATCTCATTATAAAAATATCAAGGGGAGCCCAGAGGATAATCATCAGAAACAGCTGTTCGTCGAGCAGCATAAACATTATTTTAAAGACATCATCGAAATGATCTCGGAATTTAGCAAGCGTGTGATCTTAGCGGATGCGAATCTGGAAAAAATCTTAAGTCTGTACAACAACCACGAAGATAAAGATATTCGTGAATTGGCGGAAAACATCGTTAACCTGTTTACTTTCACCAGCCTGGGCGCCCCGGCGGCTTTCAAATTCTTTGATAAAACCATTGACCGCAAACGCTACACTTCGACGAAGGAAGTGTTGGATGCAACGCTGATTCATCAAAGCATTACAGGTCTGTACGAAACTCGTATTGATCTGAGTCAGTTGGGCGGTGACTAATAAGGAGAGACCAAGTACTGTATGGCTCCGGTTT,38,38,-0.21239376,-1.5955055,-0.778714,1.6557,0.993216948045524,0.246358886713749,91.8,0.768,1.08827691856187,0.0572213148696495,3
dgfx_60,2,TGGFSKESILPKGNSDKLIARKTYWDPKKYGGFDSPIVAYSVLVIAKIEKGKSKKLKTVKELLGITIMERSSFEKDPIAFLEAKGYKQVRKLLIIKLPKYSLFELENGRRRLLASAGELQKGNELALPTKYVNFLYLASHYENLGKSEEDNEQKYEFVEQHKHYLDDIIEYISEFSKRVILADSNLDKILKLYNQNEDAPIRELANSIINLFTFTNLGAPAAFKYFDKTIDRKRYTSTKEVLDATLIHQSITGLYET,AAACACGTGGCAAACATTCCttGGTCTCtAAAAGACTGAGGTACAGACTGGCGGATTTAGCAAAGAGTCGATTCTGCCAAAGGGGAACAGTGACAAACTGATTGCCCGCAAAACCTATTGGGATCCTAAAAAATACGGCGGTTTTGACAGTCCCATCGTCGCTTACAGTGTCCTGGTGATCGCGAAAATCGAAAAAGGTAAATCCAAGAAACTGAAAACAGTTAAAGAGCTGCTGGGCATTACCATCATGGAACGCAGCTCCTTTGAGAAAGACCCGATTGCTTTCCTGGAGGCGAAAGGTTATAAACAAGTTCGCAAGCTGCTGATTATTAAGCTGCCTAAATATAGCTTGTTTGAACTGGAAAACGGGCGCCGTCGCCTGCTGGCGAGCGCCGGGGAATTACAAAAAGGCAACGAGCTGGCATTGCCGACCAAATACGTTAATTTTCTGTACTTAGCGTCCCATTACGAGAATCTGGGCAAAAGTGAAGAAGATAATGAACAAAAATACGAATTCGTCGAACAGCACAAACATTACCTGGACGATATTATTGAATATATCTCAGAGTTCTCAAAGCGCGTTATCCTGGCAGACTCAAACCTGGATAAAATTCTGAAACTGTATAATCAGAACGAGGACGCGCCGATTCGTGAACTGGCCAACTCCATCATTAACTTGTTTACGTTCACAAATCTGGGCGCCCCAGCGGCCTTCAAATATTTTGACAAGACAATCGATCGCAAGCGTTATACCTCTACCAAGGAGGTTTTGGACGCGACACTGATTCATCAGAGTATCACCGGCCTGTATGAAACCCGTATTGATCTGAGTCAGTTGGGCGGTGACTAATAAGGAGAGACCAAGTACTGTATGGCTCCGGTTT,37,35,-0.20053244,-1.7699707,3.9333,1.1217,0.989336693551968,0.337467281824113,90.8,0.7555,0.685036012082212,0.330406520111558,2
dgfx_61,2,TGGFSKESILPKGNSDKLIPRKTYWDPKKYGGFDSPTVAYSVLVIAKVEKGKSKKLKSVKEMLGITIMERSSFEKNPIAFLEAKGYKEVESLLIIKLPKYSLFELENGRRRLLAAAGELQKGNEIALPSKYVNFLYLASHYKLLKKSPEDNEQKQLFVNQHKSYLQDIIELISEFNKRVTLADANLEKILSAYNNKEDESIDELANSIIHLFTFTNLGAPAAFKFFDTTIDRKRYTSTKEVLDSTLIHQSITGLYET,AAACACGTGGCAAACATTCCttGGTCTCtAAAAGACTGAGGTACAGACCGGCGGATTTTCTAAAGAATCGATCCTGCCGAAAGGCAATTCGGACAAGTTGATTCCTCGCAAAACCTATTGGGATCCAAAAAAATACGGCGGTTTTGATAGCCCGACCGTAGCCTATAGTGTGCTGGTTATTGCAAAGGTAGAAAAAGGTAAATCAAAAAAACTGAAATCGGTCAAAGAAATGTTGGGCATTACGATTATGGAACGCAGCTCTTTCGAGAAAAATCCCATTGCATTTTTGGAAGCCAAAGGGTATAAGGAAGTGGAGTCGTTGTTAATTATCAAACTGCCCAAATATAGCCTGTTTGAACTGGAAAATGGTCGCCGTCGTCTGCTGGCCGCGGCTGGCGAACTGCAAAAGGGAAACGAAATCGCTCTGCCGTCGAAGTACGTCAATTTCTTATATCTGGCAAGCCATTATAAACTGCTGAAAAAAAGCCCGGAAGACAATGAACAGAAACAGCTGTTCGTTAACCAACATAAAAGCTATTTGCAGGATATCATCGAGCTGATCTCTGAGTTCAACAAACGCGTGACGTTGGCTGATGCGAATCTGGAAAAAATCCTGTCTGCATATAACAACAAAGAAGACGAATCTATTGATGAACTGGCAAACTCTATTATTCACCTGTTCACCTTTACAAATTTAGGGGCACCGGCCGCATTCAAATTTTTTGACACGACCATCGATCGTAAACGCTATACCAGCACCAAAGAAGTACTGGACTCGACCCTGATTCATCAGAGCATTACCGGCTTATATGAAACCCGTATTGATCTGAGTCAGTTGGGCGGTGACTAATAAGGAGAGACCAAGTACTGTATGGCTCCGGTTT,38,38,-0.1782198,-1.7828245,14.5501,1.24724,0.983090286300993,0.548408425347369,90.9,0.762,0.010648523882716,0.00757070752394233,1
dgfx_62,2,TGGFSKESILPKGNSDKLIARKTDWDPKKYGGFDSPTVAYSVLLVAKVEKGKSKKLKSVTELLGITIMEKSRFEKNPIDFLERKGYIRVELDLIIKLPKYSLFELENGRRRLLASAGELQKGNEMALPSYYMTFLYLASHYNLLGGSPEDNKQKYEFVNQHRHYLDEILEYISEFARRVILADANLEKVLKLYNNHRDESIKEQANSIIHLFTLTNLGAPAAFKFFDKTIDRKRYTSIKEVLNATLIHQSITGLYET,AAACACGTGGCAAACATTCCttGGTCTCtAAAAGACTGAGGTACAGACCGGGGGCTTCAGCAAAGAAAGCATCTTGCCGAAAGGCAATTCAGATAAACTGATCGCTCGCAAGACTGATTGGGACCCTAAAAAGTACGGAGGTTTCGATAGTCCAACCGTTGCATATAGCGTCCTGTTGGTAGCGAAGGTGGAAAAAGGCAAATCGAAAAAACTGAAATCTGTAACGGAATTGCTGGGCATTACTATCATGGAAAAATCACGTTTTGAGAAAAATCCGATCGATTTCCTGGAACGTAAAGGCTATATTCGTGTCGAGCTGGATCTGATCATCAAACTGCCTAAATATTCCTTATTCGAACTGGAAAACGGCCGTCGTCGCTTGTTAGCGTCCGCCGGTGAACTGCAGAAGGGAAACGAAATGGCTTTGCCCTCCTATTACATGACCTTCCTGTACCTGGCATCCCATTACAACTTGTTAGGCGGCTCGCCGGAAGATAACAAACAGAAATATGAATTCGTCAATCAACATCGTCATTATCTGGATGAAATCCTGGAATATATCTCTGAATTCGCTCGCCGCGTCATTCTGGCCGATGCCAACCTGGAGAAGGTTTTAAAGCTGTACAACAATCATCGTGATGAATCTATTAAAGAGCAAGCTAACTCGATCATTCATCTGTTCACGTTAACTAACTTAGGCGCCCCGGCGGCGTTCAAATTCTTTGATAAAACCATTGATCGCAAGCGTTATACCTCAATTAAGGAGGTACTGAACGCAACACTGATCCATCAGAGTATCACTGGTCTGTACGAAACCCGTATTGATCTGAGTCAGTTGGGCGGTGACTAATAAGGAGAGACCAAGTACTGTATGGCTCCGGTTT,42,42,-0.17226243,-2.0012393,2.39294,1.50089,0.990119700997449,0.298178868959283,91.6,0.769,0.0369835336052301,0.00240005602606189,1
dgfx_63,2,TGGFSNENILPHGNSDKLIARKTYWDPKKYGGFDSPIVAYSVLLIADIEKGKSQKLKTVKELLGITIMERSSFEKNPIAFLESKGYIRVENLIIIKLPKYSLFECENGRRRLLASAGELQKGNELALPTKYMTLLYLASHYNNLGKSPEDKKQKQEFVNQHKSYFKDIIELISDFSKRVILADSNLEKILKLYNNHRDKSIRELASSIINLFTLTALGAPAAFKFFDKIIDRKRYTSTKEVLNATLIHQSITGLYET,AAACACGTGGCAAACATTCCttGGTCTCtAAAAGACTGAGGTACAGACAGGTGGCTTTTCTAACGAAAATATTCTGCCGCATGGGAACTCAGACAAGCTGATCGCGCGTAAAACGTATTGGGATCCGAAAAAATACGGGGGATTCGATAGTCCAATTGTGGCTTACTCGGTATTGCTGATCGCGGACATTGAGAAGGGGAAATCGCAGAAGCTGAAAACGGTGAAAGAGCTGCTGGGGATTACTATTATGGAACGCTCATCATTCGAAAAGAACCCAATCGCGTTCCTGGAATCTAAAGGGTATATTCGCGTGGAAAATCTGATCATCATCAAACTGCCGAAGTATAGCCTGTTTGAATGCGAAAATGGACGTCGCCGCCTGTTGGCATCCGCAGGCGAGTTGCAGAAGGGAAATGAACTGGCTCTGCCTACTAAATATATGACCCTGCTGTATCTGGCTAGCCACTATAACAATCTGGGCAAGTCACCGGAAGACAAAAAGCAAAAACAAGAGTTCGTGAACCAACATAAATCGTACTTCAAAGATATTATCGAATTGATTTCCGATTTCTCTAAACGTGTTATTCTGGCAGATAGCAATTTAGAAAAAATTTTAAAATTATACAATAACCACCGTGACAAAAGTATCCGCGAATTAGCGTCGTCGATTATCAATCTGTTTACTTTGACTGCACTGGGCGCGCCCGCTGCATTTAAATTTTTCGACAAAATTATCGATCGCAAACGCTACACCTCCACGAAAGAAGTTCTGAATGCTACACTGATTCATCAGAGCATCACCGGTTTATACGAGACACGTATTGATCTGAGTCAGTTGGGCGGTGACTAATAAGGAGAGACCAAGTACTGTATGGCTCCGGTTT,58,58,-0.16909957,-1.5361218,8.97449,1.61934,0.943173034699071,0.910165967043644,90.4,0.763,-0.00269590186154608,0.00395395477419329,1
dgfx_65,2,TGGFSKESILPHGNSDKLIARKTYWDPKKYGGFDSPIVAYSVLLIAKVEKGKSKKLKTVKELLGITIMERSSFEKNPIDFLEAKGYKRIDNLLIIKLPKYSLFELENGRRRLLASAGELQKGNELALPSKYMNFLYLASHYKKLKKSPEDEKQKQEFVNKHKSYFKEIIEMISEFSKKVVLADANLEKVLSLYNNHEDEPIDELANSIIHLFTLTALGAPAAFKFFDKTVDRKRYTSTKEVLDATLIHQSITGLYET,AAACACGTGGCAAACATTCCttGGTCTCtAAAAGACTGAGGTACAGACCGGGGGGTTCTCAAAAGAAAGCATCCTGCCTCATGGCAACAGCGATAAACTGATTGCGCGCAAAACATATTGGGACCCGAAGAAGTATGGTGGCTTTGACTCGCCGATCGTTGCCTATTCAGTTCTGTTAATTGCGAAAGTTGAAAAAGGCAAGTCGAAAAAGCTGAAAACCGTTAAAGAGCTGTTGGGAATCACAATTATGGAACGCAGCAGTTTCGAGAAAAACCCCATTGATTTTTTAGAAGCGAAGGGTTACAAACGCATCGACAACCTGTTAATCATCAAACTGCCGAAATACTCGCTGTTCGAGTTGGAGAACGGGCGTCGCCGTCTGTTAGCCAGCGCAGGTGAATTACAGAAGGGCAACGAGCTGGCACTGCCAAGCAAATACATGAATTTTTTGTATTTGGCGAGTCATTATAAAAAATTAAAAAAATCTCCGGAAGATGAAAAGCAGAAGCAAGAGTTCGTGAATAAGCACAAATCCTACTTCAAAGAGATTATCGAAATGATCTCGGAGTTTTCTAAAAAAGTGGTATTGGCAGACGCGAACCTGGAAAAAGTGCTGTCGTTATATAATAATCACGAAGACGAACCGATTGACGAACTGGCTAACTCGATTATCCATCTGTTCACCTTGACCGCGTTAGGTGCCCCCGCGGCGTTTAAATTCTTTGACAAAACGGTTGACCGCAAACGTTATACCAGCACAAAAGAAGTGTTAGACGCAACACTGATTCATCAAAGTATTACCGGACTGTATGAAACCCGTATTGATCTGAGTCAGTTGGGCGGTGACTAATAAGGAGAGACCAAGTACTGTATGGCTCCGGTTT,42,42,-0.18494558,-1.5663687,10.8941,1.83047,0.992073842600563,0.26994204905718,91.5,0.772,0.739619125930359,0.00551610437613655,3
dgfx_66,2,TGGFSKESILPKGNSDKLIARKTYWDPKKYGGFDSPTVAYSVLVVAKVEKGKAKKLKTVKELLGITIMERSSFEKNPVDFLEAKGYIRVDKILIIKLPKYSLFELENGRKRLLASAGELQKGNELALPSKYMNFLYLASHYENLKGSPEDNHQKQLFVNQHKHYLDEIIELISEFSKRVILADANLDKILSLYNKHEDIPIRELANSIIHLFTFTALGAPAAFKFFDKTIDRKRYTSTKEVLDSTLIHQSITGLYET,AAACACGTGGCAAACATTCCttGGTCTCtAAAAGACTGAGGTACAGACCGGTGGTTTCTCAAAAGAGAGTATTCTGCCTAAAGGAAATTCGGACAAACTGATTGCTCGCAAGACCTACTGGGATCCGAAAAAGTACGGCGGGTTTGATAGCCCTACTGTGGCCTACAGCGTGTTGGTCGTTGCCAAAGTCGAGAAAGGGAAAGCAAAAAAATTGAAAACGGTTAAGGAGTTGCTGGGTATTACAATCATGGAACGCTCATCCTTTGAAAAAAATCCAGTTGATTTCCTGGAAGCGAAAGGTTACATTCGCGTGGACAAAATTCTGATTATCAAACTGCCGAAATATTCACTGTTCGAGCTGGAAAATGGACGCAAACGCCTGTTGGCATCAGCGGGTGAACTGCAAAAAGGAAACGAGCTGGCACTGCCGTCTAAATATATGAATTTTTTATATCTGGCTTCTCACTACGAAAACCTGAAAGGCTCTCCAGAAGATAACCACCAGAAACAGTTATTTGTTAACCAACACAAACATTATTTGGACGAAATCATCGAACTGATTAGTGAATTTTCCAAACGTGTTATTCTGGCGGACGCGAACCTGGATAAAATCTTGTCCCTGTATAACAAACATGAGGATATTCCGATTCGTGAACTGGCCAACTCAATTATCCACCTGTTTACGTTTACGGCACTGGGCGCTCCGGCGGCTTTTAAATTTTTTGATAAGACTATTGATCGTAAACGCTACACTTCTACAAAAGAGGTTCTGGATTCAACCTTGATCCACCAAAGCATTACCGGCCTGTACGAAACCCGTATTGATCTGAGTCAGTTGGGCGGTGACTAATAAGGAGAGACCAAGTACTGTATGGCTCCGGTTT,28,28,-0.21800232,-1.5812917,-0.691936,0.93539,0.957983279014856,0.670981830002602,91.5,0.768,0.572501540720165,0.0071097260736607,2
dgfx_67,2,TGGFSKENILPHGNSDKLIPRKTYWDPKKYGGFDSPIVAYSVLLVADIEKGKSKKLKTVTELVGITIMERSTFEKNPSAFLESKGYIRVDKLIIIILPKYSLFEFENGRRRLLASARELQKGNEMALPTQYMTLLYLASRINSIGKPPEPNKQKQEFVNQHVSYFDEIIELISEFSKRVIGADANLEKILHLYANKEDISIRELANSIIHLFTFTSLGAPAAFKFFDKTIDRKRYTSTKEVLNSTLIHQSITGLYET,AAACACGTGGCAAACATTCCttGGTCTCtAAAAGACTGAGGTACAGACCGGTGGTTTTTCGAAAGAAAATATTCTGCCGCACGGCAACTCTGACAAACTGATCCCGCGTAAAACCTATTGGGATCCTAAAAAATATGGGGGTTTCGATTCTCCCATTGTAGCCTATTCAGTATTACTGGTCGCAGATATCGAGAAGGGCAAAAGCAAAAAACTGAAGACGGTGACTGAATTAGTAGGTATTACGATTATGGAACGCAGCACCTTTGAAAAGAACCCATCTGCGTTTCTGGAATCGAAAGGTTATATTCGTGTAGACAAGCTGATCATTATTATTCTGCCGAAATACTCTCTGTTTGAATTCGAAAATGGCCGTCGCCGTCTGCTGGCTTCTGCACGTGAACTGCAAAAGGGCAATGAAATGGCGCTGCCGACGCAGTACATGACGTTACTGTATCTGGCATCGCGCATCAATTCTATCGGAAAACCACCAGAGCCCAACAAACAGAAACAGGAGTTTGTTAACCAGCATGTGAGCTATTTCGATGAAATTATTGAACTGATCAGCGAGTTTTCCAAACGTGTCATCGGGGCTGATGCGAATCTGGAAAAAATTTTACACCTGTACGCGAATAAAGAAGACATTTCAATCCGTGAGTTAGCGAACTCTATCATCCATTTGTTTACGTTTACGTCCTTGGGAGCGCCGGCAGCGTTCAAATTTTTTGACAAAACGATCGATCGTAAACGCTATACTTCTACCAAAGAGGTTTTGAATAGTACTCTGATCCATCAATCCATCACGGGCCTGTATGAGACACGTATTGATCTGAGTCAGTTGGGCGGTGACTAATAAGGAGAGACCAAGTACTGTATGGCTCCGGTTT,69,47,-0.15415096,-0.7198659,25.8158,1.67094,0.964024983227554,1.00515187691445,89.9,0.772,-0.0099767450858717,0.00456251876742917,1
dgfx_68,2,TGGFSKESILPHGNSDKLIARKTDWDPKKYGGFDSPTVAYSVLVVAKVEKGKSQKLKTVKELLGITIMERSTFEKNPIDFLEAKGYIRVENLLIIKLPKYSLFELENGRKRLLAGAGELQKGNEMALPSKYVTFLYLASRIENLKGSPEPNKQKQEFVNKHKSELKDLIELISEFAKRVVLADSNGEKILSLYNQHRDKPVKEQANSIIHLFTLTNLGAPATFKFFDTTIDRKRYTSTKEVLDSTLIHQSITGLYET,AAACACGTGGCAAACATTCCttGGTCTCtAAAAGACTGAGGTACAGACCGGCGGCTTTAGCAAAGAAAGCATCTTGCCTCACGGCAATTCCGATAAATTAATTGCGCGCAAGACCGATTGGGACCCCAAAAAATACGGTGGCTTTGACAGCCCGACCGTGGCGTACAGCGTATTGGTTGTAGCCAAGGTGGAGAAAGGCAAAAGCCAGAAATTAAAAACCGTGAAAGAGTTGTTGGGCATCACCATCATGGAACGTAGCACATTTGAAAAAAATCCTATTGATTTTTTAGAGGCAAAGGGTTATATTCGCGTGGAAAACTTATTAATTATTAAACTGCCAAAATACAGCCTGTTCGAGCTGGAGAATGGGCGTAAGCGCTTACTGGCAGGCGCTGGTGAACTGCAGAAAGGCAATGAAATGGCACTGCCGAGCAAATATGTCACGTTTCTGTATCTGGCCAGTCGCATCGAAAACCTGAAGGGCAGCCCGGAGCCGAACAAGCAGAAGCAAGAGTTTGTGAATAAACACAAATCCGAACTGAAAGACTTAATTGAGTTGATCTCAGAATTCGCTAAACGTGTTGTACTGGCGGATTCGAACGGCGAGAAAATCTTGAGCCTGTATAACCAACATCGCGATAAACCGGTTAAAGAACAGGCTAACTCTATCATTCACCTGTTTACCTTAACCAACTTGGGGGCCCCAGCGACCTTCAAATTTTTTGACACCACTATTGATCGCAAGCGTTACACCTCAACCAAGGAAGTCCTGGATAGTACCCTGATCCACCAAAGCATTACCGGCCTGTATGAAACCCGTATTGATCTGAGTCAGTTGGGCGGTGACTAATAAGGAGAGACCAAGTACTGTATGGCTCCGGTTT,44,44,-0.16886067,-1.5156406,16.6468,1.31314,0.987696712036698,0.340123691980259,91.2,0.766,-0.00299174113617563,0.00333671840219753,1
dgfx_69,2,TGGFSKESILPKGNSDKLIPRKTDWDPKKYGGFDSPTVAYSVLVVAKIEKGKSKKLKTVTELVQITIMERSSFEKNPIAFLEAKGYKVVDKLIIIKLPKYSLFELENGRRRLLASIGELQKGNELALPSKYVNFLYLASHYNSLKGPPEDNEQKQEFVEQHKSYLDDIIIYISEFSKRVVLADANLEKILSLYNNKRNISIREQANSIIHLFTFTNLGAPAAFKYFDTIIDRKRYTSTKEVLNSTLIHQSITGLYET,AAACACGTGGCAAACATTCCttGGTCTCtAAAAGACTGAGGTACAGACCGGTGGCTTCTCGAAGGAATCAATTTTACCTAAAGGTAACTCCGACAAACTGATCCCGCGTAAAACTGACTGGGACCCTAAAAAATATGGCGGTTTCGACAGCCCAACCGTTGCATACAGCGTGCTGGTGGTTGCTAAAATTGAAAAAGGGAAATCAAAAAAGTTAAAAACCGTGACCGAGCTGGTTCAGATTACCATCATGGAACGCTCTAGCTTCGAAAAAAACCCCATCGCGTTTCTGGAAGCCAAAGGTTACAAAGTTGTGGACAAGTTAATTATCATCAAACTGCCGAAATATTCCTTGTTTGAACTGGAGAACGGCCGCCGCCGCTTACTGGCGAGTATTGGTGAACTGCAGAAAGGGAATGAGCTGGCTCTGCCTAGCAAATATGTTAATTTTCTGTATCTGGCCTCTCACTATAATAGTCTGAAAGGTCCGCCGGAGGATAACGAACAGAAACAGGAATTCGTAGAACAACACAAATCCTACCTGGATGATATTATTATTTATATTTCCGAGTTTAGCAAACGCGTCGTGCTGGCAGATGCTAACTTGGAGAAAATTCTGAGTTTATATAATAACAAGCGCAACATTTCGATCCGCGAACAGGCAAATAGCATCATTCACCTGTTCACTTTTACCAACCTGGGTGCCCCGGCAGCCTTCAAATATTTCGATACAATTATCGACCGCAAGCGCTATACGAGTACGAAAGAGGTGCTGAATAGTACCTTAATCCATCAGTCTATTACGGGCCTGTATGAAACGCGTATTGATCTGAGTCAGTTGGGCGGTGACTAATAAGGAGAGACCAAGTACTGTATGGCTCCGGTTT,39,39,-0.18348074,-1.2582203,15.2142,1.77116,0.932767701583922,0.896993175368068,92,0.77,0.090168412501273,0.00240480043638571,1
dgfx_71,2,TGGFSKESILAHGNSDKLIPRKTYWDPKKYGGFDSPTVAYSVLVVAKVEKGKSKKLKTVTELLGITIMERSSFEKNPIAFLEAKGYIRVDLDIIIKLPKYSLFELENGRRRLLASAGELQKGNEMALPSKYVTFLYLASHYEKLGGSEEDEKQKQLFVNQHVHELKEIIQYISDFSERVILADANLEKILKLYANKRDKDIDEQANNIIHLFTFTNLGAPAAFKFFDKTIDRKRYTSTKEVLNATLIHQSITGLYET,AAACACGTGGCAAACATTCCttGGTCTCtAAAAGACTGAGGTACAGACGGGCGGTTTTTCAAAAGAAAGTATTCTGGCGCATGGCAACTCGGATAAACTGATCCCTCGTAAAACTTACTGGGATCCGAAGAAGTATGGCGGTTTTGACTCCCCTACTGTGGCGTATTCAGTGCTGGTTGTGGCAAAAGTCGAGAAGGGAAAATCCAAAAAACTGAAAACGGTGACTGAATTGCTGGGAATCACCATTATGGAACGTTCTTCATTTGAGAAGAACCCGATCGCCTTTCTGGAGGCGAAAGGCTATATCCGTGTGGATCTGGATATCATCATCAAACTGCCGAAATACAGTCTGTTTGAACTGGAGAATGGACGCCGTCGCCTGCTGGCCAGCGCGGGTGAGTTACAGAAAGGCAACGAAATGGCCTTGCCGAGCAAATACGTCACCTTTTTATATCTGGCCTCTCACTACGAGAAATTAGGAGGCTCTGAGGAAGATGAAAAACAAAAGCAGCTGTTTGTGAATCAGCATGTGCACGAACTGAAAGAAATCATTCAATATATCTCGGATTTCTCTGAGCGTGTAATCCTGGCCGACGCCAACCTGGAGAAAATCTTAAAGTTATATGCCAACAAACGTGATAAAGATATTGATGAGCAGGCCAATAACATTATCCATCTGTTTACTTTTACAAATTTAGGCGCGCCGGCGGCCTTTAAATTCTTCGATAAAACAATCGATCGTAAACGTTATACCTCGACCAAAGAGGTTCTGAATGCAACCTTAATTCACCAGAGCATCACGGGGCTGTATGAAACGCGTATTGATCTGAGTCAGTTGGGCGGTGACTAATAAGGAGAGACCAAGTACTGTATGGCTCCGGTTT,44,44,-0.19102716,-1.4715343,17.1921,1.75849,0.994356567894293,0.224630326938004,91,0.766,0.0521188656933267,0.00180159874385703,1
dgfx_72,2,TGGFSKESILSHRNSEKLIARKTDWDPKKYGGFDSPVVAYSVLLIAKVEKGKSKKLKSVKELLGITIMERSSFEKNPIDFLESKGYIQVRKLLIIILPKYSLFELENGRKRMLAGAGELQKGNELALPSQYVNFLYLASRYNKLKGSPEDNKQKQEFVNEHKHYLKDIIQFISEFSKRVILADANLEKILSLYANHENKDIRELASSFIHLFTFTNLGAPAAFKFFDKTVDRKRDTSTKEVLNATLIHQSITGLYET,AAACACGTGGCAAACATTCCttGGTCTCtAAAAGACTGAGGTACAGACCGGTGGCTTCTCCAAGGAAAGTATCCTGTCTCATCGCAACTCTGAGAAACTGATCGCGCGCAAAACGGACTGGGACCCGAAGAAATATGGCGGCTTTGATAGTCCAGTGGTCGCCTACAGCGTGCTGCTGATTGCAAAAGTTGAGAAAGGTAAATCGAAAAAATTGAAATCTGTTAAAGAATTATTAGGCATTACCATTATGGAGCGCAGTAGCTTTGAAAAAAATCCGATCGATTTTTTAGAGTCAAAAGGTTATATCCAAGTTCGTAAACTGTTGATCATTATCTTGCCGAAATATAGCCTGTTTGAGCTGGAAAACGGTCGTAAACGCATGCTGGCAGGCGCGGGTGAGCTGCAGAAAGGGAACGAACTGGCCCTGCCTTCCCAGTATGTAAACTTTTTGTATCTGGCCTCGCGTTACAACAAGCTGAAAGGAAGCCCGGAAGATAATAAACAGAAACAGGAGTTTGTAAATGAACATAAACATTACCTGAAGGATATCATTCAGTTTATTTCTGAGTTTAGTAAACGCGTGATCCTGGCCGATGCGAACCTGGAAAAAATTCTGTCCCTGTATGCGAATCATGAAAATAAAGACATTCGCGAATTGGCGAGCAGTTTTATCCACCTGTTTACTTTTACCAATTTGGGGGCGCCAGCGGCATTTAAATTCTTTGACAAGACCGTGGATCGTAAACGTGATACTTCTACCAAAGAAGTTTTGAATGCAACGTTGATCCACCAGAGCATCACCGGTCTGTATGAAACCCGTATTGATCTGAGTCAGTTGGGCGGTGACTAATAAGGAGAGACCAAGTACTGTATGGCTCCGGTTT,43,43,-0.16761279,-1.8774639,4.71191,0.05114,0.931033801233189,1.05478015900184,90.9,0.751,0.00841490730729096,0.00345436014167448,0
dgfx_73,2,TGGFSKESILPKGNSDKLIARKTYWDPKKYGGFDSPIVAYSVLVVADVEKGKSKKLKTVKELLQITIMERSSFEKNPIDFLENKGYKEVDKLLIIKLPKYSLFELENGRRRLLASAGELQKGNELALPSKFVNFLYLASRYNLLKGSPEDNKQKQEFVNQHVHYLDDIIQLISEFSKRVVLADANLSKVLSLYNNHRDKDIKEQANSFIHLFTLTALGAPAAFKFFDTTIDRKRYTSIKEVLDATLIHQSITGLYET,AAACACGTGGCAAACATTCCttGGTCTCtAAAAGACTGAGGTACAGACTGGCGGGTTTAGTAAAGAATCGATCCTGCCGAAGGGCAACAGTGATAAACTGATTGCACGCAAGACATACTGGGATCCGAAAAAATATGGCGGCTTTGACTCGCCGATCGTGGCCTACTCTGTGCTGGTAGTGGCGGATGTCGAGAAAGGCAAATCAAAAAAACTGAAAACGGTGAAAGAACTGCTGCAGATCACCATTATGGAACGCAGTTCTTTCGAAAAGAACCCGATCGATTTCCTGGAGAATAAAGGCTACAAGGAAGTGGATAAGCTGCTGATCATTAAACTGCCTAAATATTCGCTGTTTGAATTAGAGAATGGCCGCCGTCGCCTGTTAGCTTCCGCGGGAGAATTACAGAAAGGCAATGAATTGGCGCTGCCGAGCAAATTTGTGAACTTTCTGTATCTGGCCTCTCGCTACAACTTGCTGAAAGGTAGCCCGGAAGACAATAAACAGAAACAGGAGTTTGTCAATCAGCATGTTCACTATTTGGACGATATTATCCAGCTGATTAGCGAATTTTCGAAACGCGTTGTTCTGGCGGACGCTAATCTGTCTAAAGTGCTGTCACTGTATAACAATCATCGTGACAAAGATATCAAGGAGCAGGCAAACTCTTTTATCCACCTGTTCACCCTGACCGCGCTGGGAGCGCCGGCGGCTTTCAAGTTTTTCGATACGACTATTGACCGTAAACGCTACACCTCGATCAAGGAAGTTCTGGATGCTACCTTAATTCATCAGTCGATTACCGGTTTATATGAAACCCGTATTGATCTGAGTCAGTTGGGCGGTGACTAATAAGGAGAGACCAAGTACTGTATGGCTCCGGTTT,35,35,-0.19259286,-1.6433425,5.6356,1.33997,0.982843225927032,0.395394638362975,92.2,0.77,0.466223281668866,0.00387963543070276,2
dgfx_74,2,KGGFSKESISSKGNSDKLIPRKTYWDPKKYGGFDSPIVAYSILVVADIEKGKSKKLKTVTELVGITIMERSTFEKNPVAFLERKGYIREDNLMIIILPKYSLFELENGRRRLLASAGELQKGNELALPTQFMTFLYHAAHYKNLGKPEEDEKQKYEFVNQHVSYFKEILEYISEFSKKYILADKNLEKILELYANKENISVDELANSFINLFTFTSLGAPAAFKFFDKIIDRKRYTSTKEVLNSTLIHQSITGLYET,AAACACGTGGCAAACATTCCttGGTCTCtAAAAGACTGAGGTACAGAAAGGCGGTTTCTCGAAAGAATCCATCTCCAGTAAAGGTAACTCTGATAAACTGATCCCGCGTAAAACATACTGGGACCCAAAAAAGTATGGTGGTTTCGACTCACCAATTGTCGCGTATAGTATTCTGGTTGTTGCTGATATTGAAAAAGGTAAGTCCAAAAAACTGAAGACGGTGACGGAACTGGTGGGTATTACTATCATGGAGCGCAGCACCTTTGAAAAAAATCCGGTAGCGTTCCTGGAGCGCAAAGGGTATATCCGCGAAGATAATCTGATGATTATCATTCTGCCGAAATATAGCCTGTTCGAGTTAGAAAATGGCCGCCGTCGTCTGCTGGCATCCGCTGGTGAATTACAGAAGGGTAACGAGTTGGCCTTACCGACACAGTTTATGACATTTCTGTACCACGCGGCACATTACAAAAACTTGGGGAAGCCGGAAGAGGATGAAAAACAAAAATACGAATTCGTTAATCAGCATGTCTCGTATTTCAAAGAAATCTTAGAATATATTTCGGAGTTCAGTAAAAAATATATCCTGGCGGATAAGAATCTGGAAAAGATCTTAGAACTGTATGCCAATAAAGAAAACATTTCAGTGGATGAACTGGCAAATAGTTTTATCAATCTGTTCACGTTCACCAGTCTGGGTGCGCCAGCGGCCTTTAAATTTTTCGATAAAATTATCGACCGCAAACGTTATACCTCTACGAAAGAAGTGCTGAACAGCACCCTGATTCACCAGAGTATCACGGGCCTGTATGAGACTCGTATTGATCTGAGTCAGTTGGGCGGTGACTAATAAGGAGAGACCAAGTACTGTATGGCTCCGGTTT,80,49,-0.1492145,-0.7779385,19.1743,1.20037,0.961450335693034,0.823452086256746,89.8,0.756,0.00274156585022917,0.00180776039592595,0
dgfx_75,2,TGGFSKESISPHGNSDKLIARKTLWDPKKYGGFDSPIVAYSVLLVAKIEKGKSKKLKSVKELLGITIMERSNFEKNPVAFLEAKGYKRERKLLIIILPKYSLFELENGRKRLLASAGELQKGNEMALPSKYVNFLYLASHYNKLKKSPEDNKQKQEFVEQHRSYFKDLLEYISEFSKKVILADSNLEKIRSLYNNKEDKPVREQANNIIHLFTFTARGAPAAFKFFDTTVDRNRYTSTKEVLDATFIHQSITGMYET,AAACACGTGGCAAACATTCCttGGTCTCtAAAAGACTGAGGTACAGACGGGTGGTTTTAGTAAAGAATCGATCTCCCCGCACGGCAACAGCGATAAGCTGATTGCACGCAAAACATTGTGGGACCCTAAAAAATATGGTGGTTTCGATTCACCCATCGTGGCATACTCAGTGTTACTGGTCGCGAAGATTGAAAAAGGTAAATCTAAAAAACTGAAGAGTGTGAAAGAACTGCTGGGTATCACAATTATGGAACGTAGCAATTTTGAAAAGAATCCTGTTGCATTTCTGGAAGCGAAAGGCTACAAACGTGAGCGCAAGCTGCTGATTATCATCCTGCCGAAATACTCTCTGTTCGAGCTGGAGAATGGGCGTAAGCGCCTGCTGGCTTCAGCAGGTGAGTTACAGAAGGGCAATGAGATGGCCCTGCCTTCTAAATACGTCAATTTCTTGTATCTGGCATCACATTATAATAAGTTGAAAAAATCACCGGAGGATAACAAGCAGAAACAGGAATTTGTTGAGCAACACCGCTCTTACTTCAAAGACCTGCTGGAGTATATTTCTGAATTTAGCAAAAAAGTGATCCTGGCCGATTCTAACCTGGAAAAGATCCGCTCCCTGTATAATAACAAGGAAGATAAGCCGGTGCGTGAACAGGCAAATAACATTATTCACTTGTTTACATTCACGGCGCGCGGGGCACCGGCAGCGTTCAAATTCTTCGACACCACTGTTGACCGTAATCGTTACACGTCTACTAAGGAGGTATTGGATGCCACCTTCATTCATCAGTCAATCACGGGCATGTACGAAACCCGTATTGATCTGAGTCAGTTGGGCGGTGACTAATAAGGAGAGACCAAGTACTGTATGGCTCCGGTTT,49,48,-0.158427,-1.9006565,11.74,2.3087,0.946234907091074,0.819727119023493,88.5,0.75,-0.0082082787520514,0.00116357631964991,0
